symbol,name,name_key,listing_date,unlock_date,term,ipo_price,market,lead_manager,listed_shares,ipo_price_source
232830,아이티센피엔에스,아이티센피엔에스,2023-06-29,2023-07-14,15D,,코스닥,nan,,
232830,아이티센피엔에스,아이티센피엔에스,2023-06-29,2023-07-29,1M,,코스닥,nan,,
232830,아이티센피엔에스,아이티센피엔에스,2023-06-29,2023-09-29,3M,,코스닥,nan,,
232830,아이티센피엔에스,아이티센피엔에스,2023-06-29,2023-12-29,6M,,코스닥,nan,,
232830,아이티센피엔에스,아이티센피엔에스,2023-06-29,2024-06-29,1Y,,코스닥,nan,,
354320,알멕,알멕,2023-06-30,2023-07-15,15D,50000.0,코스닥,엔에이치투자증권(주),,38
354320,알멕,알멕,2023-06-30,2023-07-30,1M,50000.0,코스닥,엔에이치투자증권(주),,38
354320,알멕,알멕,2023-06-30,2023-09-30,3M,50000.0,코스닥,엔에이치투자증권(주),,38
354320,알멕,알멕,2023-06-30,2023-12-30,6M,50000.0,코스닥,엔에이치투자증권(주),,38
354320,알멕,알멕,2023-06-30,2024-06-30,1Y,50000.0,코스닥,엔에이치투자증권(주),,38
440320,오픈놀,오픈놀,2023-06-30,2023-07-15,15D,10000.0,코스닥,하나증권주식회사,,38
440320,오픈놀,오픈놀,2023-06-30,2023-07-30,1M,10000.0,코스닥,하나증권주식회사,,38
440320,오픈놀,오픈놀,2023-06-30,2023-09-30,3M,10000.0,코스닥,하나증권주식회사,,38
440320,오픈놀,오픈놀,2023-06-30,2023-12-30,6M,10000.0,코스닥,하나증권주식회사,,38
440320,오픈놀,오픈놀,2023-06-30,2024-06-30,1Y,10000.0,코스닥,하나증권주식회사,,38
274400,이노시뮬레이션,이노시뮬레이션,2023-07-06,2023-07-21,15D,15000.0,코스닥,하나증권주식회사,,38
274400,이노시뮬레이션,이노시뮬레이션,2023-07-06,2023-08-06,1M,15000.0,코스닥,하나증권주식회사,,38
274400,이노시뮬레이션,이노시뮬레이션,2023-07-06,2023-10-06,3M,15000.0,코스닥,하나증권주식회사,,38
274400,이노시뮬레이션,이노시뮬레이션,2023-07-06,2024-01-06,6M,15000.0,코스닥,하나증권주식회사,,38
274400,이노시뮬레이션,이노시뮬레이션,2023-07-06,2024-07-06,1Y,15000.0,코스닥,하나증권주식회사,,38
378340,필에너지,필에너지,2023-07-14,2023-07-29,15D,34000.0,코스닥,미래에셋증권 주식회사,,38
378340,필에너지,필에너지,2023-07-14,2023-08-14,1M,34000.0,코스닥,미래에셋증권 주식회사,,38
378340,필에너지,필에너지,2023-07-14,2023-10-14,3M,34000.0,코스닥,미래에셋증권 주식회사,,38
378340,필에너지,필에너지,2023-07-14,2024-01-14,6M,34000.0,코스닥,미래에셋증권 주식회사,,38
378340,필에너지,필에너지,2023-07-14,2024-07-14,1Y,34000.0,코스닥,미래에셋증권 주식회사,,38
321370,센서뷰,센서뷰,2023-07-19,2023-08-03,15D,4500.0,코스닥,삼성증권(주),,38
321370,센서뷰,센서뷰,2023-07-19,2023-08-19,1M,4500.0,코스닥,삼성증권(주),,38
321370,센서뷰,센서뷰,2023-07-19,2023-10-19,3M,4500.0,코스닥,삼성증권(주),,38
321370,센서뷰,센서뷰,2023-07-19,2024-01-19,6M,4500.0,코스닥,삼성증권(주),,38
321370,센서뷰,센서뷰,2023-07-19,2024-07-19,1Y,4500.0,코스닥,삼성증권(주),,38
456570,아이엠지티,아이엠지티,2023-07-19,2023-08-03,15D,,코넥스,미래에셋증권(주),,
456570,아이엠지티,아이엠지티,2023-07-19,2023-08-19,1M,,코넥스,미래에셋증권(주),,
456570,아이엠지티,아이엠지티,2023-07-19,2023-10-19,3M,,코넥스,미래에셋증권(주),,
456570,아이엠지티,아이엠지티,2023-07-19,2024-01-19,6M,,코넥스,미래에셋증권(주),,
456570,아이엠지티,아이엠지티,2023-07-19,2024-07-19,1Y,,코넥스,미래에셋증권(주),,
432430,와이랩,와이랩,2023-07-20,2023-08-04,15D,9000.0,코스닥,한국투자증권(주),,38
432430,와이랩,와이랩,2023-07-20,2023-08-20,1M,9000.0,코스닥,한국투자증권(주),,38
432430,와이랩,와이랩,2023-07-20,2023-10-20,3M,9000.0,코스닥,한국투자증권(주),,38
432430,와이랩,와이랩,2023-07-20,2024-01-20,6M,9000.0,코스닥,한국투자증권(주),,38
432430,와이랩,와이랩,2023-07-20,2024-07-20,1Y,9000.0,코스닥,한국투자증권(주),,38
406820,뷰티스킨,뷰티스킨,2023-07-24,2023-08-08,15D,26000.0,코스닥,DB증권주식회사,,38
406820,뷰티스킨,뷰티스킨,2023-07-24,2023-08-24,1M,26000.0,코스닥,DB증권주식회사,,38
406820,뷰티스킨,뷰티스킨,2023-07-24,2023-10-24,3M,26000.0,코스닥,DB증권주식회사,,38
406820,뷰티스킨,뷰티스킨,2023-07-24,2024-01-24,6M,26000.0,코스닥,DB증권주식회사,,38
406820,뷰티스킨,뷰티스킨,2023-07-24,2024-07-24,1Y,26000.0,코스닥,DB증권주식회사,,38
438700,버넥트,버넥트,2023-07-26,2023-08-10,15D,16000.0,코스닥,대신증권(주),,38
438700,버넥트,버넥트,2023-07-26,2023-08-26,1M,16000.0,코스닥,대신증권(주),,38
438700,버넥트,버넥트,2023-07-26,2023-10-26,3M,16000.0,코스닥,대신증권(주),,38
438700,버넥트,버넥트,2023-07-26,2024-01-26,6M,16000.0,코스닥,대신증권(주),,38
438700,버넥트,버넥트,2023-07-26,2024-07-26,1Y,16000.0,코스닥,대신증권(주),,38
172670,에이엘티,에이엘티,2023-07-27,2023-08-11,15D,25000.0,코스닥,미래에셋증권 주식회사,,38
172670,에이엘티,에이엘티,2023-07-27,2023-08-27,1M,25000.0,코스닥,미래에셋증권 주식회사,,38
172670,에이엘티,에이엘티,2023-07-27,2023-10-27,3M,25000.0,코스닥,미래에셋증권 주식회사,,38
172670,에이엘티,에이엘티,2023-07-27,2024-01-27,6M,25000.0,코스닥,미래에셋증권 주식회사,,38
172670,에이엘티,에이엘티,2023-07-27,2024-07-27,1Y,25000.0,코스닥,미래에셋증권 주식회사,,38
388870,파로스아이바이오,파로스아이바이오,2023-07-27,2023-08-11,15D,14000.0,코스닥,한국투자증권(주),,38
388870,파로스아이바이오,파로스아이바이오,2023-07-27,2023-08-27,1M,14000.0,코스닥,한국투자증권(주),,38
388870,파로스아이바이오,파로스아이바이오,2023-07-27,2023-10-27,3M,14000.0,코스닥,한국투자증권(주),,38
388870,파로스아이바이오,파로스아이바이오,2023-07-27,2024-01-27,6M,14000.0,코스닥,한국투자증권(주),,38
388870,파로스아이바이오,파로스아이바이오,2023-07-27,2024-07-27,1Y,14000.0,코스닥,한국투자증권(주),,38
462520,조선내화,조선내화,2023-07-28,2023-08-12,15D,,유가,대신증권(주),,
462520,조선내화,조선내화,2023-07-28,2023-08-28,1M,,유가,대신증권(주),,
462520,조선내화,조선내화,2023-07-28,2023-10-28,3M,,유가,대신증권(주),,
462520,조선내화,조선내화,2023-07-28,2024-01-28,6M,,유가,대신증권(주),,
462520,조선내화,조선내화,2023-07-28,2024-07-28,1Y,,유가,대신증권(주),,
446440,에피바이오텍,에피바이오텍,2023-07-31,2023-08-15,15D,,코넥스,한국투자증권(주),,
446440,에피바이오텍,에피바이오텍,2023-07-31,2023-08-31,1M,,코넥스,한국투자증권(주),,
446440,에피바이오텍,에피바이오텍,2023-07-31,2023-10-31,3M,,코넥스,한국투자증권(주),,
446440,에피바이오텍,에피바이오텍,2023-07-31,2024-01-31,6M,,코넥스,한국투자증권(주),,
446440,에피바이오텍,에피바이오텍,2023-07-31,2024-07-31,1Y,,코넥스,한국투자증권(주),,
429270,시지트로닉스,시지트로닉스,2023-08-03,2023-08-18,15D,25000.0,코스닥,유안타증권(주),,38
429270,시지트로닉스,시지트로닉스,2023-08-03,2023-09-03,1M,25000.0,코스닥,유안타증권(주),,38
429270,시지트로닉스,시지트로닉스,2023-08-03,2023-11-03,3M,25000.0,코스닥,유안타증권(주),,38
429270,시지트로닉스,시지트로닉스,2023-08-03,2024-02-03,6M,25000.0,코스닥,유안타증권(주),,38
429270,시지트로닉스,시지트로닉스,2023-08-03,2024-08-03,1Y,25000.0,코스닥,유안타증권(주),,38
373170,엠아이큐브솔루션,엠아이큐브솔루션,2023-08-04,2023-08-19,15D,12000.0,코스닥,한국투자증권(주),,38
373170,엠아이큐브솔루션,엠아이큐브솔루션,2023-08-04,2023-09-04,1M,12000.0,코스닥,한국투자증권(주),,38
373170,엠아이큐브솔루션,엠아이큐브솔루션,2023-08-04,2023-11-04,3M,12000.0,코스닥,한국투자증권(주),,38
373170,엠아이큐브솔루션,엠아이큐브솔루션,2023-08-04,2024-02-04,6M,12000.0,코스닥,한국투자증권(주),,38
373170,엠아이큐브솔루션,엠아이큐브솔루션,2023-08-04,2024-08-04,1Y,12000.0,코스닥,한국투자증권(주),,38
440110,파두,파두,2023-08-07,2023-08-22,15D,31000.0,코스닥,"한국투자증권(주),엔에이치투자증권(주)",,38
440110,파두,파두,2023-08-07,2023-09-07,1M,31000.0,코스닥,"한국투자증권(주),엔에이치투자증권(주)",,38
440110,파두,파두,2023-08-07,2023-11-07,3M,31000.0,코스닥,"한국투자증권(주),엔에이치투자증권(주)",,38
440110,파두,파두,2023-08-07,2024-02-07,6M,31000.0,코스닥,"한국투자증권(주),엔에이치투자증권(주)",,38
440110,파두,파두,2023-08-07,2024-08-07,1Y,31000.0,코스닥,"한국투자증권(주),엔에이치투자증권(주)",,38
030190,NICE평가정보,nice평가정보,2023-08-08,2023-08-23,15D,0.0,유가,대신증권(주),,kind
030190,NICE평가정보,nice평가정보,2023-08-08,2023-09-08,1M,0.0,유가,대신증권(주),,kind
030190,NICE평가정보,nice평가정보,2023-08-08,2023-11-08,3M,0.0,유가,대신증권(주),,kind
030190,NICE평가정보,nice평가정보,2023-08-08,2024-02-08,6M,0.0,유가,대신증권(주),,kind
030190,NICE평가정보,nice평가정보,2023-08-08,2024-08-08,1Y,0.0,유가,대신증권(주),,kind
448710,코츠테크놀로지,코츠테크놀로지,2023-08-10,2023-08-25,15D,13000.0,코스닥,한국투자증권(주),,38
448710,코츠테크놀로지,코츠테크놀로지,2023-08-10,2023-09-10,1M,13000.0,코스닥,한국투자증권(주),,38
448710,코츠테크놀로지,코츠테크놀로지,2023-08-10,2023-11-10,3M,13000.0,코스닥,한국투자증권(주),,38
448710,코츠테크놀로지,코츠테크놀로지,2023-08-10,2024-02-10,6M,13000.0,코스닥,한국투자증권(주),,38
448710,코츠테크놀로지,코츠테크놀로지,2023-08-10,2024-08-10,1Y,13000.0,코스닥,한국투자증권(주),,38
445680,큐리옥스바이오시스템즈,큐리옥스바이오시스템즈,2023-08-10,2023-08-25,15D,13000.0,코스닥,키움증권(주),,38
445680,큐리옥스바이오시스템즈,큐리옥스바이오시스템즈,2023-08-10,2023-09-10,1M,13000.0,코스닥,키움증권(주),,38
445680,큐리옥스바이오시스템즈,큐리옥스바이오시스템즈,2023-08-10,2023-11-10,3M,13000.0,코스닥,키움증권(주),,38
445680,큐리옥스바이오시스템즈,큐리옥스바이오시스템즈,2023-08-10,2024-02-10,6M,13000.0,코스닥,키움증권(주),,38
445680,큐리옥스바이오시스템즈,큐리옥스바이오시스템즈,2023-08-10,2024-08-10,1Y,13000.0,코스닥,키움증권(주),,38
210120,캔버스엔,캔버스엔,2023-08-17,2023-09-01,15D,,코스닥,nan,,
210120,캔버스엔,캔버스엔,2023-08-17,2023-09-17,1M,,코스닥,nan,,
210120,캔버스엔,캔버스엔,2023-08-17,2023-11-17,3M,,코스닥,nan,,
210120,캔버스엔,캔버스엔,2023-08-17,2024-02-17,6M,,코스닥,nan,,
210120,캔버스엔,캔버스엔,2023-08-17,2024-08-17,1Y,,코스닥,nan,,
092790,넥스틸,넥스틸,2023-08-21,2023-09-05,15D,11500.0,유가,하나증권주식회사,,38
092790,넥스틸,넥스틸,2023-08-21,2023-09-21,1M,11500.0,유가,하나증권주식회사,,38
092790,넥스틸,넥스틸,2023-08-21,2023-11-21,3M,11500.0,유가,하나증권주식회사,,38
092790,넥스틸,넥스틸,2023-08-21,2024-02-21,6M,11500.0,유가,하나증권주식회사,,38
092790,넥스틸,넥스틸,2023-08-21,2024-08-21,1Y,11500.0,유가,하나증권주식회사,,38
424960,스마트레이더시스템,스마트레이더시스템,2023-08-22,2023-09-06,15D,8000.0,코스닥,대신증권(주),,38
424960,스마트레이더시스템,스마트레이더시스템,2023-08-22,2023-09-22,1M,8000.0,코스닥,대신증권(주),,38
424960,스마트레이더시스템,스마트레이더시스템,2023-08-22,2023-11-22,3M,8000.0,코스닥,대신증권(주),,38
424960,스마트레이더시스템,스마트레이더시스템,2023-08-22,2024-02-22,6M,8000.0,코스닥,대신증권(주),,38
424960,스마트레이더시스템,스마트레이더시스템,2023-08-22,2024-08-22,1Y,8000.0,코스닥,대신증권(주),,38
418250,시큐레터,시큐레터,2023-08-24,2023-09-08,15D,12000.0,코스닥,대신증권(주),,38
418250,시큐레터,시큐레터,2023-08-24,2023-09-24,1M,12000.0,코스닥,대신증권(주),,38
418250,시큐레터,시큐레터,2023-08-24,2023-11-24,3M,12000.0,코스닥,대신증권(주),,38
418250,시큐레터,시큐레터,2023-08-24,2024-02-24,6M,12000.0,코스닥,대신증권(주),,38
418250,시큐레터,시큐레터,2023-08-24,2024-08-24,1Y,12000.0,코스닥,대신증권(주),,38
355390,크라우드웍스,크라우드웍스,2023-08-31,2023-09-15,15D,,코스닥,nan,,
355390,크라우드웍스,크라우드웍스,2023-08-31,2023-09-30,1M,,코스닥,nan,,
355390,크라우드웍스,크라우드웍스,2023-08-31,2023-11-30,3M,,코스닥,nan,,
355390,크라우드웍스,크라우드웍스,2023-08-31,2024-02-29,6M,,코스닥,nan,,
355390,크라우드웍스,크라우드웍스,2023-08-31,2024-08-31,1Y,,코스닥,nan,,
146060,율촌,율촌,2023-09-08,2023-09-23,15D,,코스닥,nan,,
146060,율촌,율촌,2023-09-08,2023-10-08,1M,,코스닥,nan,,
146060,율촌,율촌,2023-09-08,2023-12-08,3M,,코스닥,nan,,
146060,율촌,율촌,2023-09-08,2024-03-08,6M,,코스닥,nan,,
146060,율촌,율촌,2023-09-08,2024-09-08,1Y,,코스닥,nan,,
465770,STX그린로지스,stx그린로지스,2023-09-15,2023-09-30,15D,,유가,신한투자증권 주식회사,,
465770,STX그린로지스,stx그린로지스,2023-09-15,2023-10-15,1M,,유가,신한투자증권 주식회사,,
465770,STX그린로지스,stx그린로지스,2023-09-15,2023-12-15,3M,,유가,신한투자증권 주식회사,,
465770,STX그린로지스,stx그린로지스,2023-09-15,2024-03-15,6M,,유가,신한투자증권 주식회사,,
465770,STX그린로지스,stx그린로지스,2023-09-15,2024-09-15,1Y,,유가,신한투자증권 주식회사,,
384470,코어라인소프트,코어라인소프트,2023-09-18,2023-10-03,15D,,코스닥,nan,,
384470,코어라인소프트,코어라인소프트,2023-09-18,2023-10-18,1M,,코스닥,nan,,
384470,코어라인소프트,코어라인소프트,2023-09-18,2023-12-18,3M,,코스닥,nan,,
384470,코어라인소프트,코어라인소프트,2023-09-18,2024-03-18,6M,,코스닥,nan,,
384470,코어라인소프트,코어라인소프트,2023-09-18,2024-09-18,1Y,,코스닥,nan,,
403490,우듬지팜,우듬지팜,2023-09-19,2023-10-04,15D,,코스닥,nan,,
403490,우듬지팜,우듬지팜,2023-09-19,2023-10-19,1M,,코스닥,nan,,
403490,우듬지팜,우듬지팜,2023-09-19,2023-12-19,3M,,코스닥,nan,,
403490,우듬지팜,우듬지팜,2023-09-19,2024-03-19,6M,,코스닥,nan,,
403490,우듬지팜,우듬지팜,2023-09-19,2024-09-19,1Y,,코스닥,nan,,
450520,인스웨이브,인스웨이브,2023-09-25,2023-10-10,15D,,코스닥,nan,,
450520,인스웨이브,인스웨이브,2023-09-25,2023-10-25,1M,,코스닥,nan,,
450520,인스웨이브,인스웨이브,2023-09-25,2023-12-25,3M,,코스닥,nan,,
450520,인스웨이브,인스웨이브,2023-09-25,2024-03-25,6M,,코스닥,nan,,
450520,인스웨이브,인스웨이브,2023-09-25,2024-09-25,1Y,,코스닥,nan,,
418470,KT밀리의서재,kt밀리의서재,2023-09-27,2023-10-12,15D,,코스닥,nan,,
418470,KT밀리의서재,kt밀리의서재,2023-09-27,2023-10-27,1M,,코스닥,nan,,
418470,KT밀리의서재,kt밀리의서재,2023-09-27,2023-12-27,3M,,코스닥,nan,,
418470,KT밀리의서재,kt밀리의서재,2023-09-27,2024-03-27,6M,,코스닥,nan,,
418470,KT밀리의서재,kt밀리의서재,2023-09-27,2024-09-27,1Y,,코스닥,nan,,
430690,한싹,한싹,2023-10-04,2023-10-19,15D,12500.0,코스닥,KB증권(주),,38
430690,한싹,한싹,2023-10-04,2023-11-04,1M,12500.0,코스닥,KB증권(주),,38
430690,한싹,한싹,2023-10-04,2024-01-04,3M,12500.0,코스닥,KB증권(주),,38
430690,한싹,한싹,2023-10-04,2024-04-04,6M,12500.0,코스닥,KB증권(주),,38
430690,한싹,한싹,2023-10-04,2024-10-04,1Y,12500.0,코스닥,KB증권(주),,38
454910,두산로보틱스,두산로보틱스,2023-10-05,2023-10-20,15D,26000.0,유가,"한국투자증권(주),CS증권 서울지점,KB증권(주),엔에이치투자증권(주),미래에셋증권 주식회사",,38
454910,두산로보틱스,두산로보틱스,2023-10-05,2023-11-05,1M,26000.0,유가,"한국투자증권(주),CS증권 서울지점,KB증권(주),엔에이치투자증권(주),미래에셋증권 주식회사",,38
454910,두산로보틱스,두산로보틱스,2023-10-05,2024-01-05,3M,26000.0,유가,"한국투자증권(주),CS증권 서울지점,KB증권(주),엔에이치투자증권(주),미래에셋증권 주식회사",,38
454910,두산로보틱스,두산로보틱스,2023-10-05,2024-04-05,6M,26000.0,유가,"한국투자증권(주),CS증권 서울지점,KB증권(주),엔에이치투자증권(주),미래에셋증권 주식회사",,38
454910,두산로보틱스,두산로보틱스,2023-10-05,2024-10-05,1Y,26000.0,유가,"한국투자증권(주),CS증권 서울지점,KB증권(주),엔에이치투자증권(주),미래에셋증권 주식회사",,38
443250,레뷰코퍼레이션,레뷰코퍼레이션,2023-10-06,2023-10-21,15D,15000.0,코스닥,삼성증권(주),,38
443250,레뷰코퍼레이션,레뷰코퍼레이션,2023-10-06,2023-11-06,1M,15000.0,코스닥,삼성증권(주),,38
443250,레뷰코퍼레이션,레뷰코퍼레이션,2023-10-06,2024-01-06,3M,15000.0,코스닥,삼성증권(주),,38
443250,레뷰코퍼레이션,레뷰코퍼레이션,2023-10-06,2024-04-06,6M,15000.0,코스닥,삼성증권(주),,38
443250,레뷰코퍼레이션,레뷰코퍼레이션,2023-10-06,2024-10-06,1Y,15000.0,코스닥,삼성증권(주),,38
451220,아이엠티,아이엠티,2023-10-10,2023-10-25,15D,14000.0,코스닥,유안타증권(주),,38
451220,아이엠티,아이엠티,2023-10-10,2023-11-10,1M,14000.0,코스닥,유안타증권(주),,38
451220,아이엠티,아이엠티,2023-10-10,2024-01-10,3M,14000.0,코스닥,유안타증권(주),,38
451220,아이엠티,아이엠티,2023-10-10,2024-04-10,6M,14000.0,코스닥,유안타증권(주),,38
451220,아이엠티,아이엠티,2023-10-10,2024-10-10,1Y,14000.0,코스닥,유안타증권(주),,38
289170,바이오텐,바이오텐,2023-10-13,2023-10-28,15D,,코넥스,아이비케이투자증권(주),,
289170,바이오텐,바이오텐,2023-10-13,2023-11-13,1M,,코넥스,아이비케이투자증권(주),,
289170,바이오텐,바이오텐,2023-10-13,2024-01-13,3M,,코넥스,아이비케이투자증권(주),,
289170,바이오텐,바이오텐,2023-10-13,2024-04-13,6M,,코넥스,아이비케이투자증권(주),,
289170,바이오텐,바이오텐,2023-10-13,2024-10-13,1Y,,코넥스,아이비케이투자증권(주),,
445180,퓨릿,퓨릿,2023-10-18,2023-11-02,15D,10700.0,코스닥,미래에셋증권 주식회사,,38
445180,퓨릿,퓨릿,2023-10-18,2023-11-18,1M,10700.0,코스닥,미래에셋증권 주식회사,,38
445180,퓨릿,퓨릿,2023-10-18,2024-01-18,3M,10700.0,코스닥,미래에셋증권 주식회사,,38
445180,퓨릿,퓨릿,2023-10-18,2024-04-18,6M,10700.0,코스닥,미래에셋증권 주식회사,,38
445180,퓨릿,퓨릿,2023-10-18,2024-10-18,1Y,10700.0,코스닥,미래에셋증권 주식회사,,38
416180,신성에스티,신성에스티,2023-10-19,2023-11-03,15D,26000.0,코스닥,미래에셋증권 주식회사,,38
416180,신성에스티,신성에스티,2023-10-19,2023-11-19,1M,26000.0,코스닥,미래에셋증권 주식회사,,38
416180,신성에스티,신성에스티,2023-10-19,2024-01-19,3M,26000.0,코스닥,미래에셋증권 주식회사,,38
416180,신성에스티,신성에스티,2023-10-19,2024-04-19,6M,26000.0,코스닥,미래에셋증권 주식회사,,38
416180,신성에스티,신성에스티,2023-10-19,2024-10-19,1Y,26000.0,코스닥,미래에셋증권 주식회사,,38
246250,에스엘에스바이오,에스엘에스바이오,2023-10-20,2023-11-04,15D,7000.0,코스닥,하나증권주식회사,,38
246250,에스엘에스바이오,에스엘에스바이오,2023-10-20,2023-11-20,1M,7000.0,코스닥,하나증권주식회사,,38
246250,에스엘에스바이오,에스엘에스바이오,2023-10-20,2024-01-20,3M,7000.0,코스닥,하나증권주식회사,,38
246250,에스엘에스바이오,에스엘에스바이오,2023-10-20,2024-04-20,6M,7000.0,코스닥,하나증권주식회사,,38
246250,에스엘에스바이오,에스엘에스바이오,2023-10-20,2024-10-20,1Y,7000.0,코스닥,하나증권주식회사,,38
351020,미쥬,미쥬,2023-10-26,2023-11-10,15D,,코넥스,아이비케이투자증권(주),,
351020,미쥬,미쥬,2023-10-26,2023-11-26,1M,,코넥스,아이비케이투자증권(주),,
351020,미쥬,미쥬,2023-10-26,2024-01-26,3M,,코넥스,아이비케이투자증권(주),,
351020,미쥬,미쥬,2023-10-26,2024-04-26,6M,,코넥스,아이비케이투자증권(주),,
351020,미쥬,미쥬,2023-10-26,2024-10-26,1Y,,코넥스,아이비케이투자증권(주),,
396470,워트,워트,2023-10-26,2023-11-10,15D,6500.0,코스닥,키움증권(주),,38
396470,워트,워트,2023-10-26,2023-11-26,1M,6500.0,코스닥,키움증권(주),,38
396470,워트,워트,2023-10-26,2024-01-26,3M,6500.0,코스닥,키움증권(주),,38
396470,워트,워트,2023-10-26,2024-04-26,6M,6500.0,코스닥,키움증권(주),,38
396470,워트,워트,2023-10-26,2024-10-26,1Y,6500.0,코스닥,키움증권(주),,38
432720,퀄리타스반도체,퀄리타스반도체,2023-10-27,2023-11-11,15D,17000.0,코스닥,한국투자증권(주),,38
432720,퀄리타스반도체,퀄리타스반도체,2023-10-27,2023-11-27,1M,17000.0,코스닥,한국투자증권(주),,38
432720,퀄리타스반도체,퀄리타스반도체,2023-10-27,2024-01-27,3M,17000.0,코스닥,한국투자증권(주),,38
432720,퀄리타스반도체,퀄리타스반도체,2023-10-27,2024-04-27,6M,17000.0,코스닥,한국투자증권(주),,38
432720,퀄리타스반도체,퀄리타스반도체,2023-10-27,2024-10-27,1Y,17000.0,코스닥,한국투자증권(주),,38
240600,유진테크놀로지,유진테크놀로지,2023-11-02,2023-11-17,15D,17000.0,코스닥,엔에이치투자증권(주),,38
240600,유진테크놀로지,유진테크놀로지,2023-11-02,2023-12-02,1M,17000.0,코스닥,엔에이치투자증권(주),,38
240600,유진테크놀로지,유진테크놀로지,2023-11-02,2024-02-02,3M,17000.0,코스닥,엔에이치투자증권(주),,38
240600,유진테크놀로지,유진테크놀로지,2023-11-02,2024-05-02,6M,17000.0,코스닥,엔에이치투자증권(주),,38
240600,유진테크놀로지,유진테크놀로지,2023-11-02,2024-11-02,1Y,17000.0,코스닥,엔에이치투자증권(주),,38
221800,유투바이오,유투바이오,2023-11-02,2023-11-17,15D,4400.0,코스닥,신한투자증권 주식회사,,38
221800,유투바이오,유투바이오,2023-11-02,2023-12-02,1M,4400.0,코스닥,신한투자증권 주식회사,,38
221800,유투바이오,유투바이오,2023-11-02,2024-02-02,3M,4400.0,코스닥,신한투자증권 주식회사,,38
221800,유투바이오,유투바이오,2023-11-02,2024-05-02,6M,4400.0,코스닥,신한투자증권 주식회사,,38
221800,유투바이오,유투바이오,2023-11-02,2024-11-02,1Y,4400.0,코스닥,신한투자증권 주식회사,,38
188260,세니젠,세니젠,2023-11-03,2023-11-18,15D,,코스닥,nan,,
188260,세니젠,세니젠,2023-11-03,2023-12-03,1M,,코스닥,nan,,
188260,세니젠,세니젠,2023-11-03,2024-02-03,3M,,코스닥,nan,,
188260,세니젠,세니젠,2023-11-03,2024-05-03,6M,,코스닥,nan,,
188260,세니젠,세니젠,2023-11-03,2024-11-03,1Y,,코스닥,nan,,
290560,파라택시스이더리움,파라택시스이더리움,2023-11-03,2023-11-18,15D,,코스닥,nan,,
290560,파라택시스이더리움,파라택시스이더리움,2023-11-03,2023-12-03,1M,,코스닥,nan,,
290560,파라택시스이더리움,파라택시스이더리움,2023-11-03,2024-02-03,3M,,코스닥,nan,,
290560,파라택시스이더리움,파라택시스이더리움,2023-11-03,2024-05-03,6M,,코스닥,nan,,
290560,파라택시스이더리움,파라택시스이더리움,2023-11-03,2024-11-03,1Y,,코스닥,nan,,
088280,쏘닉스,쏘닉스,2023-11-07,2023-11-22,15D,7500.0,코스닥,KB증권(주),,38
088280,쏘닉스,쏘닉스,2023-11-07,2023-12-07,1M,7500.0,코스닥,KB증권(주),,38
088280,쏘닉스,쏘닉스,2023-11-07,2024-02-07,3M,7500.0,코스닥,KB증권(주),,38
088280,쏘닉스,쏘닉스,2023-11-07,2024-05-07,6M,7500.0,코스닥,KB증권(주),,38
088280,쏘닉스,쏘닉스,2023-11-07,2024-11-07,1Y,7500.0,코스닥,KB증권(주),,38
446540,메가터치,메가터치,2023-11-09,2023-11-24,15D,4800.0,코스닥,엔에이치투자증권(주),,38
446540,메가터치,메가터치,2023-11-09,2023-12-09,1M,4800.0,코스닥,엔에이치투자증권(주),,38
446540,메가터치,메가터치,2023-11-09,2024-02-09,3M,4800.0,코스닥,엔에이치투자증권(주),,38
446540,메가터치,메가터치,2023-11-09,2024-05-09,6M,4800.0,코스닥,엔에이치투자증권(주),,38
446540,메가터치,메가터치,2023-11-09,2024-11-09,1Y,4800.0,코스닥,엔에이치투자증권(주),,38
413640,비아이매트릭스,비아이매트릭스,2023-11-09,2023-11-24,15D,13000.0,코스닥,IBK투자증권(주),,38
413640,비아이매트릭스,비아이매트릭스,2023-11-09,2023-12-09,1M,13000.0,코스닥,IBK투자증권(주),,38
413640,비아이매트릭스,비아이매트릭스,2023-11-09,2024-02-09,3M,13000.0,코스닥,IBK투자증권(주),,38
413640,비아이매트릭스,비아이매트릭스,2023-11-09,2024-05-09,6M,13000.0,코스닥,IBK투자증권(주),,38
413640,비아이매트릭스,비아이매트릭스,2023-11-09,2024-11-09,1Y,13000.0,코스닥,IBK투자증권(주),,38
451760,컨텍,컨텍,2023-11-09,2023-11-24,15D,22500.0,코스닥,대신증권(주),,38
451760,컨텍,컨텍,2023-11-09,2023-12-09,1M,22500.0,코스닥,대신증권(주),,38
451760,컨텍,컨텍,2023-11-09,2024-02-09,3M,22500.0,코스닥,대신증권(주),,38
451760,컨텍,컨텍,2023-11-09,2024-05-09,6M,22500.0,코스닥,대신증권(주),,38
451760,컨텍,컨텍,2023-11-09,2024-11-09,1Y,22500.0,코스닥,대신증권(주),,38
372320,큐로셀,큐로셀,2023-11-09,2023-11-24,15D,20000.0,코스닥,"미래에셋증권 주식회사,삼성증권(주)",,38
372320,큐로셀,큐로셀,2023-11-09,2023-12-09,1M,20000.0,코스닥,"미래에셋증권 주식회사,삼성증권(주)",,38
372320,큐로셀,큐로셀,2023-11-09,2024-02-09,3M,20000.0,코스닥,"미래에셋증권 주식회사,삼성증권(주)",,38
372320,큐로셀,큐로셀,2023-11-09,2024-05-09,6M,20000.0,코스닥,"미래에셋증권 주식회사,삼성증권(주)",,38
372320,큐로셀,큐로셀,2023-11-09,2024-11-09,1Y,20000.0,코스닥,"미래에셋증권 주식회사,삼성증권(주)",,38
365330,에스와이스틸텍,에스와이스틸텍,2023-11-13,2023-11-28,15D,1800.0,코스닥,KB증권(주),,38
365330,에스와이스틸텍,에스와이스틸텍,2023-11-13,2023-12-13,1M,1800.0,코스닥,KB증권(주),,38
365330,에스와이스틸텍,에스와이스틸텍,2023-11-13,2024-02-13,3M,1800.0,코스닥,KB증권(주),,38
365330,에스와이스틸텍,에스와이스틸텍,2023-11-13,2024-05-13,6M,1800.0,코스닥,KB증권(주),,38
365330,에스와이스틸텍,에스와이스틸텍,2023-11-13,2024-11-13,1Y,1800.0,코스닥,KB증권(주),,38
445090,에이직랜드,에이직랜드,2023-11-13,2023-11-28,15D,25000.0,코스닥,삼성증권(주),,38
445090,에이직랜드,에이직랜드,2023-11-13,2023-12-13,1M,25000.0,코스닥,삼성증권(주),,38
445090,에이직랜드,에이직랜드,2023-11-13,2024-02-13,3M,25000.0,코스닥,삼성증권(주),,38
445090,에이직랜드,에이직랜드,2023-11-13,2024-05-13,6M,25000.0,코스닥,삼성증권(주),,38
445090,에이직랜드,에이직랜드,2023-11-13,2024-11-13,1Y,25000.0,코스닥,삼성증권(주),,38
452300,캡스톤파트너스,캡스톤파트너스,2023-11-15,2023-11-30,15D,4000.0,코스닥,엔에이치투자증권(주),,38
452300,캡스톤파트너스,캡스톤파트너스,2023-11-15,2023-12-15,1M,4000.0,코스닥,엔에이치투자증권(주),,38
452300,캡스톤파트너스,캡스톤파트너스,2023-11-15,2024-02-15,3M,4000.0,코스닥,엔에이치투자증권(주),,38
452300,캡스톤파트너스,캡스톤파트너스,2023-11-15,2024-05-15,6M,4000.0,코스닥,엔에이치투자증권(주),,38
452300,캡스톤파트너스,캡스톤파트너스,2023-11-15,2024-11-15,1Y,4000.0,코스닥,엔에이치투자증권(주),,38
296160,프로젠,프로젠,2023-11-15,2023-11-30,15D,,코넥스,하나증권(주),,
296160,프로젠,프로젠,2023-11-15,2023-12-15,1M,,코넥스,하나증권(주),,
296160,프로젠,프로젠,2023-11-15,2024-02-15,3M,,코넥스,하나증권(주),,
296160,프로젠,프로젠,2023-11-15,2024-05-15,6M,,코넥스,하나증권(주),,
296160,프로젠,프로젠,2023-11-15,2024-11-15,1Y,,코넥스,하나증권(주),,
450080,에코프로머티,에코프로머티,2023-11-17,2023-12-02,15D,36200.0,유가,"미래에셋증권 주식회사,엔에이치투자증권(주)",,kind
450080,에코프로머티,에코프로머티,2023-11-17,2023-12-17,1M,36200.0,유가,"미래에셋증권 주식회사,엔에이치투자증권(주)",,kind
450080,에코프로머티,에코프로머티,2023-11-17,2024-02-17,3M,36200.0,유가,"미래에셋증권 주식회사,엔에이치투자증권(주)",,kind
450080,에코프로머티,에코프로머티,2023-11-17,2024-05-17,6M,36200.0,유가,"미래에셋증권 주식회사,엔에이치투자증권(주)",,kind
450080,에코프로머티,에코프로머티,2023-11-17,2024-11-17,1Y,36200.0,유가,"미래에셋증권 주식회사,엔에이치투자증권(주)",,kind
352090,스톰테크,스톰테크,2023-11-20,2023-12-05,15D,11000.0,코스닥,iM증권,,38
352090,스톰테크,스톰테크,2023-11-20,2023-12-20,1M,11000.0,코스닥,iM증권,,38
352090,스톰테크,스톰테크,2023-11-20,2024-02-20,3M,11000.0,코스닥,iM증권,,38
352090,스톰테크,스톰테크,2023-11-20,2024-05-20,6M,11000.0,코스닥,iM증권,,38
352090,스톰테크,스톰테크,2023-11-20,2024-11-20,1Y,11000.0,코스닥,iM증권,,38
111380,동인기연,동인기연,2023-11-21,2023-12-06,15D,30000.0,유가,엔에이치투자증권(주),,38
111380,동인기연,동인기연,2023-11-21,2023-12-21,1M,30000.0,유가,엔에이치투자증권(주),,38
111380,동인기연,동인기연,2023-11-21,2024-02-21,3M,30000.0,유가,엔에이치투자증권(주),,38
111380,동인기연,동인기연,2023-11-21,2024-05-21,6M,30000.0,유가,엔에이치투자증권(주),,38
111380,동인기연,동인기연,2023-11-21,2024-11-21,1Y,30000.0,유가,엔에이치투자증권(주),,38
448280,에코아이,에코아이,2023-11-21,2023-12-06,15D,34700.0,코스닥,KB증권(주),,38
448280,에코아이,에코아이,2023-11-21,2023-12-21,1M,34700.0,코스닥,KB증권(주),,38
448280,에코아이,에코아이,2023-11-21,2024-02-21,3M,34700.0,코스닥,KB증권(주),,38
448280,에코아이,에코아이,2023-11-21,2024-05-21,6M,34700.0,코스닥,KB증권(주),,38
448280,에코아이,에코아이,2023-11-21,2024-11-21,1Y,34700.0,코스닥,KB증권(주),,38
402490,그린리소스,그린리소스,2023-11-24,2023-12-09,15D,17000.0,코스닥,엔에이치투자증권(주),,38
402490,그린리소스,그린리소스,2023-11-24,2023-12-24,1M,17000.0,코스닥,엔에이치투자증권(주),,38
402490,그린리소스,그린리소스,2023-11-24,2024-02-24,3M,17000.0,코스닥,엔에이치투자증권(주),,38
402490,그린리소스,그린리소스,2023-11-24,2024-05-24,6M,17000.0,코스닥,엔에이치투자증권(주),,38
402490,그린리소스,그린리소스,2023-11-24,2024-11-24,1Y,17000.0,코스닥,엔에이치투자증권(주),,38
452160,제이엔비,제이엔비,2023-11-24,2023-12-09,15D,,코스닥,nan,,
452160,제이엔비,제이엔비,2023-11-24,2023-12-24,1M,,코스닥,nan,,
452160,제이엔비,제이엔비,2023-11-24,2024-02-24,3M,,코스닥,nan,,
452160,제이엔비,제이엔비,2023-11-24,2024-05-24,6M,,코스닥,nan,,
452160,제이엔비,제이엔비,2023-11-24,2024-11-24,1Y,,코스닥,nan,,
452280,한선엔지니어링,한선엔지니어링,2023-11-24,2023-12-09,15D,7000.0,코스닥,대신증권(주),,38
452280,한선엔지니어링,한선엔지니어링,2023-11-24,2023-12-24,1M,7000.0,코스닥,대신증권(주),,38
452280,한선엔지니어링,한선엔지니어링,2023-11-24,2024-02-24,3M,7000.0,코스닥,대신증권(주),,38
452280,한선엔지니어링,한선엔지니어링,2023-11-24,2024-05-24,6M,7000.0,코스닥,대신증권(주),,38
452280,한선엔지니어링,한선엔지니어링,2023-11-24,2024-11-24,1Y,7000.0,코스닥,대신증권(주),,38
453860,에이에스텍,에이에스텍,2023-11-28,2023-12-13,15D,28000.0,코스닥,미래에셋증권 주식회사,,38
453860,에이에스텍,에이에스텍,2023-11-28,2023-12-28,1M,28000.0,코스닥,미래에셋증권 주식회사,,38
453860,에이에스텍,에이에스텍,2023-11-28,2024-02-28,3M,28000.0,코스닥,미래에셋증권 주식회사,,38
453860,에이에스텍,에이에스텍,2023-11-28,2024-05-28,6M,28000.0,코스닥,미래에셋증권 주식회사,,38
453860,에이에스텍,에이에스텍,2023-11-28,2024-11-28,1Y,28000.0,코스닥,미래에셋증권 주식회사,,38
355690,에이텀,에이텀,2023-12-01,2023-12-16,15D,18000.0,코스닥,하나증권주식회사,,38
355690,에이텀,에이텀,2023-12-01,2024-01-01,1M,18000.0,코스닥,하나증권주식회사,,38
355690,에이텀,에이텀,2023-12-01,2024-03-01,3M,18000.0,코스닥,하나증권주식회사,,38
355690,에이텀,에이텀,2023-12-01,2024-06-01,6M,18000.0,코스닥,하나증권주식회사,,38
355690,에이텀,에이텀,2023-12-01,2024-12-01,1Y,18000.0,코스닥,하나증권주식회사,,38
338840,와이바이오로직스,와이바이오로직스,2023-12-05,2023-12-20,15D,9000.0,코스닥,유안타증권(주),,38
338840,와이바이오로직스,와이바이오로직스,2023-12-05,2024-01-05,1M,9000.0,코스닥,유안타증권(주),,38
338840,와이바이오로직스,와이바이오로직스,2023-12-05,2024-03-05,3M,9000.0,코스닥,유안타증권(주),,38
338840,와이바이오로직스,와이바이오로직스,2023-12-05,2024-06-05,6M,9000.0,코스닥,유안타증권(주),,38
338840,와이바이오로직스,와이바이오로직스,2023-12-05,2024-12-05,1Y,9000.0,코스닥,유안타증권(주),,38
432470,케이엔에스,케이엔에스,2023-12-06,2023-12-21,15D,23000.0,코스닥,신영증권(주),,38
432470,케이엔에스,케이엔에스,2023-12-06,2024-01-06,1M,23000.0,코스닥,신영증권(주),,38
432470,케이엔에스,케이엔에스,2023-12-06,2024-03-06,3M,23000.0,코스닥,신영증권(주),,38
432470,케이엔에스,케이엔에스,2023-12-06,2024-06-06,6M,23000.0,코스닥,신영증권(주),,38
432470,케이엔에스,케이엔에스,2023-12-06,2024-12-06,1Y,23000.0,코스닥,신영증권(주),,38
417200,LS머트리얼즈,ls머트리얼즈,2023-12-12,2023-12-27,15D,6000.0,코스닥,"KB증권(주),키움증권(주)",,38
417200,LS머트리얼즈,ls머트리얼즈,2023-12-12,2024-01-12,1M,6000.0,코스닥,"KB증권(주),키움증권(주)",,38
417200,LS머트리얼즈,ls머트리얼즈,2023-12-12,2024-03-12,3M,6000.0,코스닥,"KB증권(주),키움증권(주)",,38
417200,LS머트리얼즈,ls머트리얼즈,2023-12-12,2024-06-12,6M,6000.0,코스닥,"KB증권(주),키움증권(주)",,38
417200,LS머트리얼즈,ls머트리얼즈,2023-12-12,2024-12-12,1Y,6000.0,코스닥,"KB증권(주),키움증권(주)",,38
439580,블루엠텍,블루엠텍,2023-12-13,2023-12-28,15D,19000.0,코스닥,"키움증권(주),하나증권주식회사",,38
439580,블루엠텍,블루엠텍,2023-12-13,2024-01-13,1M,19000.0,코스닥,"키움증권(주),하나증권주식회사",,38
439580,블루엠텍,블루엠텍,2023-12-13,2024-03-13,3M,19000.0,코스닥,"키움증권(주),하나증권주식회사",,38
439580,블루엠텍,블루엠텍,2023-12-13,2024-06-13,6M,19000.0,코스닥,"키움증권(주),하나증권주식회사",,38
439580,블루엠텍,블루엠텍,2023-12-13,2024-12-13,1Y,19000.0,코스닥,"키움증권(주),하나증권주식회사",,38
109670,씨싸이트,씨싸이트,2023-12-21,2024-01-05,15D,,코스닥,nan,,
109670,씨싸이트,씨싸이트,2023-12-21,2024-01-21,1M,,코스닥,nan,,
109670,씨싸이트,씨싸이트,2023-12-21,2024-03-21,3M,,코스닥,nan,,
109670,씨싸이트,씨싸이트,2023-12-21,2024-06-21,6M,,코스닥,nan,,
109670,씨싸이트,씨싸이트,2023-12-21,2024-12-21,1Y,,코스닥,nan,,
017860,DS단석,ds단석,2023-12-22,2024-01-06,15D,100000.0,유가,"엔에이치투자증권(주),KB증권(주)",,kind
017860,DS단석,ds단석,2023-12-22,2024-01-22,1M,100000.0,유가,"엔에이치투자증권(주),KB증권(주)",,kind
017860,DS단석,ds단석,2023-12-22,2024-03-22,3M,100000.0,유가,"엔에이치투자증권(주),KB증권(주)",,kind
017860,DS단석,ds단석,2023-12-22,2024-06-22,6M,100000.0,유가,"엔에이치투자증권(주),KB증권(주)",,kind
017860,DS단석,ds단석,2023-12-22,2024-12-22,1Y,100000.0,유가,"엔에이치투자증권(주),KB증권(주)",,kind
022100,포스코DX,포스코dx,2024-01-02,2024-01-17,15D,0.0,유가,KB증권(주),,kind
022100,포스코DX,포스코dx,2024-01-02,2024-02-02,1M,0.0,유가,KB증권(주),,kind
022100,포스코DX,포스코dx,2024-01-02,2024-04-02,3M,0.0,유가,KB증권(주),,kind
022100,포스코DX,포스코dx,2024-01-02,2024-07-02,6M,0.0,유가,KB증권(주),,kind
022100,포스코DX,포스코dx,2024-01-02,2025-01-02,1Y,0.0,유가,KB증권(주),,kind
452190,한빛레이저,한빛레이저,2024-01-04,2024-01-19,15D,,코스닥,nan,,
452190,한빛레이저,한빛레이저,2024-01-04,2024-02-04,1M,,코스닥,nan,,
452190,한빛레이저,한빛레이저,2024-01-04,2024-04-04,3M,,코스닥,nan,,
452190,한빛레이저,한빛레이저,2024-01-04,2024-07-04,6M,,코스닥,nan,,
452190,한빛레이저,한빛레이저,2024-01-04,2025-01-04,1Y,,코스닥,nan,,
267080,세븐브로이맥주,세븐브로이맥주,2024-01-17,2024-02-01,15D,,코넥스,키움증권(주),,
267080,세븐브로이맥주,세븐브로이맥주,2024-01-17,2024-02-17,1M,,코넥스,키움증권(주),,
267080,세븐브로이맥주,세븐브로이맥주,2024-01-17,2024-04-17,3M,,코넥스,키움증권(주),,
267080,세븐브로이맥주,세븐브로이맥주,2024-01-17,2024-07-17,6M,,코넥스,키움증권(주),,
267080,세븐브로이맥주,세븐브로이맥주,2024-01-17,2025-01-17,1Y,,코넥스,키움증권(주),,
457550,우진엔텍,우진엔텍,2024-01-24,2024-02-08,15D,5300.0,코스닥,KB증권(주),,38
457550,우진엔텍,우진엔텍,2024-01-24,2024-02-24,1M,5300.0,코스닥,KB증권(주),,38
457550,우진엔텍,우진엔텍,2024-01-24,2024-04-24,3M,5300.0,코스닥,KB증권(주),,38
457550,우진엔텍,우진엔텍,2024-01-24,2024-07-24,6M,5300.0,코스닥,KB증권(주),,38
457550,우진엔텍,우진엔텍,2024-01-24,2025-01-24,1Y,5300.0,코스닥,KB증권(주),,38
440290,HB인베스트먼트,hb인베스트먼트,2024-01-25,2024-02-09,15D,3400.0,코스닥,엔에이치투자증권(주),,kind
440290,HB인베스트먼트,hb인베스트먼트,2024-01-25,2024-02-25,1M,3400.0,코스닥,엔에이치투자증권(주),,kind
440290,HB인베스트먼트,hb인베스트먼트,2024-01-25,2024-04-25,3M,3400.0,코스닥,엔에이치투자증권(주),,kind
440290,HB인베스트먼트,hb인베스트먼트,2024-01-25,2024-07-25,6M,3400.0,코스닥,엔에이치투자증권(주),,kind
440290,HB인베스트먼트,hb인베스트먼트,2024-01-25,2025-01-25,1Y,3400.0,코스닥,엔에이치투자증권(주),,kind
362990,드림인사이트,드림인사이트,2024-01-25,2024-02-09,15D,,코스닥,nan,,
362990,드림인사이트,드림인사이트,2024-01-25,2024-02-25,1M,,코스닥,nan,,
362990,드림인사이트,드림인사이트,2024-01-25,2024-04-25,3M,,코스닥,nan,,
362990,드림인사이트,드림인사이트,2024-01-25,2024-07-25,6M,,코스닥,nan,,
362990,드림인사이트,드림인사이트,2024-01-25,2025-01-25,1Y,,코스닥,nan,,
460930,현대힘스,현대힘스,2024-01-26,2024-02-10,15D,7300.0,코스닥,미래에셋증권 주식회사,,38
460930,현대힘스,현대힘스,2024-01-26,2024-02-26,1M,7300.0,코스닥,미래에셋증권 주식회사,,38
460930,현대힘스,현대힘스,2024-01-26,2024-04-26,3M,7300.0,코스닥,미래에셋증권 주식회사,,38
460930,현대힘스,현대힘스,2024-01-26,2024-07-26,6M,7300.0,코스닥,미래에셋증권 주식회사,,38
460930,현대힘스,현대힘스,2024-01-26,2025-01-26,1Y,7300.0,코스닥,미래에셋증권 주식회사,,38
066970,엘앤에프,엘앤에프,2024-01-29,2024-02-13,15D,0.0,유가,미래에셋증권 주식회사,,kind
066970,엘앤에프,엘앤에프,2024-01-29,2024-02-29,1M,0.0,유가,미래에셋증권 주식회사,,kind
066970,엘앤에프,엘앤에프,2024-01-29,2024-04-29,3M,0.0,유가,미래에셋증권 주식회사,,kind
066970,엘앤에프,엘앤에프,2024-01-29,2024-07-29,6M,0.0,유가,미래에셋증권 주식회사,,kind
066970,엘앤에프,엘앤에프,2024-01-29,2025-01-29,1Y,0.0,유가,미래에셋증권 주식회사,,kind
105760,포스뱅크,포스뱅크,2024-01-29,2024-02-13,15D,18000.0,코스닥,하나증권주식회사,,38
105760,포스뱅크,포스뱅크,2024-01-29,2024-02-29,1M,18000.0,코스닥,하나증권주식회사,,38
105760,포스뱅크,포스뱅크,2024-01-29,2024-04-29,3M,18000.0,코스닥,하나증권주식회사,,38
105760,포스뱅크,포스뱅크,2024-01-29,2024-07-29,6M,18000.0,코스닥,하나증권주식회사,,38
105760,포스뱅크,포스뱅크,2024-01-29,2025-01-29,1Y,18000.0,코스닥,하나증권주식회사,,38
199550,레이저옵텍,레이저옵텍,2024-02-01,2024-02-16,15D,,코스닥,nan,,
199550,레이저옵텍,레이저옵텍,2024-02-01,2024-03-01,1M,,코스닥,nan,,
199550,레이저옵텍,레이저옵텍,2024-02-01,2024-05-01,3M,,코스닥,nan,,
199550,레이저옵텍,레이저옵텍,2024-02-01,2024-08-01,6M,,코스닥,nan,,
199550,레이저옵텍,레이저옵텍,2024-02-01,2025-02-01,1Y,,코스닥,nan,,
452400,이닉스,이닉스,2024-02-01,2024-02-16,15D,14000.0,코스닥,삼성증권(주),,38
452400,이닉스,이닉스,2024-02-01,2024-03-01,1M,14000.0,코스닥,삼성증권(주),,38
452400,이닉스,이닉스,2024-02-01,2024-05-01,3M,14000.0,코스닥,삼성증권(주),,38
452400,이닉스,이닉스,2024-02-01,2024-08-01,6M,14000.0,코스닥,삼성증권(주),,38
452400,이닉스,이닉스,2024-02-01,2025-02-01,1Y,14000.0,코스닥,삼성증권(주),,38
472850,폰드그룹,폰드그룹,2024-02-02,2024-02-17,15D,,코스닥,엔에이치투자증권(주),,
472850,폰드그룹,폰드그룹,2024-02-02,2024-03-02,1M,,코스닥,엔에이치투자증권(주),,
472850,폰드그룹,폰드그룹,2024-02-02,2024-05-02,3M,,코스닥,엔에이치투자증권(주),,
472850,폰드그룹,폰드그룹,2024-02-02,2024-08-02,6M,,코스닥,엔에이치투자증권(주),,
472850,폰드그룹,폰드그룹,2024-02-02,2025-02-02,1Y,,코스닥,엔에이치투자증권(주),,
415380,스튜디오삼익,스튜디오삼익,2024-02-06,2024-02-21,15D,18000.0,코스닥,DB증권주식회사,,38
415380,스튜디오삼익,스튜디오삼익,2024-02-06,2024-03-06,1M,18000.0,코스닥,DB증권주식회사,,38
415380,스튜디오삼익,스튜디오삼익,2024-02-06,2024-05-06,3M,18000.0,코스닥,DB증권주식회사,,38
415380,스튜디오삼익,스튜디오삼익,2024-02-06,2024-08-06,6M,18000.0,코스닥,DB증권주식회사,,38
415380,스튜디오삼익,스튜디오삼익,2024-02-06,2025-02-06,1Y,18000.0,코스닥,DB증권주식회사,,38
443670,에스피소프트,에스피소프트,2024-02-15,2024-03-01,15D,,코스닥,nan,,
443670,에스피소프트,에스피소프트,2024-02-15,2024-03-15,1M,,코스닥,nan,,
443670,에스피소프트,에스피소프트,2024-02-15,2024-05-15,3M,,코스닥,nan,,
443670,에스피소프트,에스피소프트,2024-02-15,2024-08-15,6M,,코스닥,nan,,
443670,에스피소프트,에스피소프트,2024-02-15,2025-02-15,1Y,,코스닥,nan,,
452430,사피엔반도체,사피엔반도체,2024-02-19,2024-03-05,15D,,코스닥,nan,,
452430,사피엔반도체,사피엔반도체,2024-02-19,2024-03-19,1M,,코스닥,nan,,
452430,사피엔반도체,사피엔반도체,2024-02-19,2024-05-19,3M,,코스닥,nan,,
452430,사피엔반도체,사피엔반도체,2024-02-19,2024-08-19,6M,,코스닥,nan,,
452430,사피엔반도체,사피엔반도체,2024-02-19,2025-02-19,1Y,,코스닥,nan,,
068100,케이웨더,케이웨더,2024-02-22,2024-03-08,15D,7000.0,코스닥,엔에이치투자증권(주),,38
068100,케이웨더,케이웨더,2024-02-22,2024-03-22,1M,7000.0,코스닥,엔에이치투자증권(주),,38
068100,케이웨더,케이웨더,2024-02-22,2024-05-22,3M,7000.0,코스닥,엔에이치투자증권(주),,38
068100,케이웨더,케이웨더,2024-02-22,2024-08-22,6M,7000.0,코스닥,엔에이치투자증권(주),,38
068100,케이웨더,케이웨더,2024-02-22,2025-02-22,1Y,7000.0,코스닥,엔에이치투자증권(주),,38
418620,E8,e8,2024-02-23,2024-03-09,15D,,코스닥,nan,,
418620,E8,e8,2024-02-23,2024-03-23,1M,,코스닥,nan,,
418620,E8,e8,2024-02-23,2024-05-23,3M,,코스닥,nan,,
418620,E8,e8,2024-02-23,2024-08-23,6M,,코스닥,nan,,
418620,E8,e8,2024-02-23,2025-02-23,1Y,,코스닥,nan,,
360350,코셈,코셈,2024-02-23,2024-03-09,15D,16000.0,코스닥,키움증권(주),,38
360350,코셈,코셈,2024-02-23,2024-03-23,1M,16000.0,코스닥,키움증권(주),,38
360350,코셈,코셈,2024-02-23,2024-05-23,3M,16000.0,코스닥,키움증권(주),,38
360350,코셈,코셈,2024-02-23,2024-08-23,6M,16000.0,코스닥,키움증권(주),,38
360350,코셈,코셈,2024-02-23,2025-02-23,1Y,16000.0,코스닥,키움증권(주),,38
278470,에이피알,에이피알,2024-02-27,2024-03-13,15D,250000.0,유가,"신한투자증권 주식회사,하나증권주식회사",,38
278470,에이피알,에이피알,2024-02-27,2024-03-27,1M,250000.0,유가,"신한투자증권 주식회사,하나증권주식회사",,38
278470,에이피알,에이피알,2024-02-27,2024-05-27,3M,250000.0,유가,"신한투자증권 주식회사,하나증권주식회사",,38
278470,에이피알,에이피알,2024-02-27,2024-08-27,6M,250000.0,유가,"신한투자증권 주식회사,하나증권주식회사",,38
278470,에이피알,에이피알,2024-02-27,2025-02-27,1Y,250000.0,유가,"신한투자증권 주식회사,하나증권주식회사",,38
199430,케이엔알시스템,케이엔알시스템,2024-03-07,2024-03-22,15D,13500.0,코스닥,"엔에이치투자증권(주),DB증권주식회사",,38
199430,케이엔알시스템,케이엔알시스템,2024-03-07,2024-04-07,1M,13500.0,코스닥,"엔에이치투자증권(주),DB증권주식회사",,38
199430,케이엔알시스템,케이엔알시스템,2024-03-07,2024-06-07,3M,13500.0,코스닥,"엔에이치투자증권(주),DB증권주식회사",,38
199430,케이엔알시스템,케이엔알시스템,2024-03-07,2024-09-07,6M,13500.0,코스닥,"엔에이치투자증권(주),DB증권주식회사",,38
199430,케이엔알시스템,케이엔알시스템,2024-03-07,2025-03-07,1Y,13500.0,코스닥,"엔에이치투자증권(주),DB증권주식회사",,38
036220,오상헬스케어,오상헬스케어,2024-03-13,2024-03-28,15D,20000.0,코스닥,엔에이치투자증권(주),,38
036220,오상헬스케어,오상헬스케어,2024-03-13,2024-04-13,1M,20000.0,코스닥,엔에이치투자증권(주),,38
036220,오상헬스케어,오상헬스케어,2024-03-13,2024-06-13,3M,20000.0,코스닥,엔에이치투자증권(주),,38
036220,오상헬스케어,오상헬스케어,2024-03-13,2024-09-13,6M,20000.0,코스닥,엔에이치투자증권(주),,38
036220,오상헬스케어,오상헬스케어,2024-03-13,2025-03-13,1Y,20000.0,코스닥,엔에이치투자증권(주),,38
437730,삼현,삼현,2024-03-21,2024-04-05,15D,30000.0,코스닥,한국투자증권(주),,38
437730,삼현,삼현,2024-03-21,2024-04-21,1M,30000.0,코스닥,한국투자증권(주),,38
437730,삼현,삼현,2024-03-21,2024-06-21,3M,30000.0,코스닥,한국투자증권(주),,38
437730,삼현,삼현,2024-03-21,2024-09-21,6M,30000.0,코스닥,한국투자증권(주),,38
437730,삼현,삼현,2024-03-21,2025-03-21,1Y,30000.0,코스닥,한국투자증권(주),,38
420570,제이투케이바이오,제이투케이바이오,2024-03-25,2024-04-09,15D,,코스닥,nan,,
420570,제이투케이바이오,제이투케이바이오,2024-03-25,2024-04-25,1M,,코스닥,nan,,
420570,제이투케이바이오,제이투케이바이오,2024-03-25,2024-06-25,3M,,코스닥,nan,,
420570,제이투케이바이오,제이투케이바이오,2024-03-25,2024-09-25,6M,,코스닥,nan,,
420570,제이투케이바이오,제이투케이바이오,2024-03-25,2025-03-25,1Y,,코스닥,nan,,
455900,엔젤로보틱스,엔젤로보틱스,2024-03-26,2024-04-10,15D,20000.0,코스닥,엔에이치투자증권(주),,38
455900,엔젤로보틱스,엔젤로보틱스,2024-03-26,2024-04-26,1M,20000.0,코스닥,엔에이치투자증권(주),,38
455900,엔젤로보틱스,엔젤로보틱스,2024-03-26,2024-06-26,3M,20000.0,코스닥,엔에이치투자증권(주),,38
455900,엔젤로보틱스,엔젤로보틱스,2024-03-26,2024-09-26,6M,20000.0,코스닥,엔에이치투자증권(주),,38
455900,엔젤로보틱스,엔젤로보틱스,2024-03-26,2025-03-26,1Y,20000.0,코스닥,엔에이치투자증권(주),,38
475150,SK이터닉스,sk이터닉스,2024-03-29,2024-04-13,15D,,유가,엔에이치투자증권(주),,
475150,SK이터닉스,sk이터닉스,2024-03-29,2024-04-29,1M,,유가,엔에이치투자증권(주),,
475150,SK이터닉스,sk이터닉스,2024-03-29,2024-06-29,3M,,유가,엔에이치투자증권(주),,
475150,SK이터닉스,sk이터닉스,2024-03-29,2024-09-29,6M,,유가,엔에이치투자증권(주),,
475150,SK이터닉스,sk이터닉스,2024-03-29,2025-03-29,1Y,,유가,엔에이치투자증권(주),,
461030,아이엠비디엑스,아이엠비디엑스,2024-04-03,2024-04-18,15D,13000.0,코스닥,미래에셋증권 주식회사,,38
461030,아이엠비디엑스,아이엠비디엑스,2024-04-03,2024-05-03,1M,13000.0,코스닥,미래에셋증권 주식회사,,38
461030,아이엠비디엑스,아이엠비디엑스,2024-04-03,2024-07-03,3M,13000.0,코스닥,미래에셋증권 주식회사,,38
461030,아이엠비디엑스,아이엠비디엑스,2024-04-03,2024-10-03,6M,13000.0,코스닥,미래에셋증권 주식회사,,38
461030,아이엠비디엑스,아이엠비디엑스,2024-04-03,2025-04-03,1Y,13000.0,코스닥,미래에셋증권 주식회사,,38
451250,삐아,삐아,2024-04-25,2024-05-10,15D,,코스닥,nan,,
451250,삐아,삐아,2024-04-25,2024-05-25,1M,,코스닥,nan,,
451250,삐아,삐아,2024-04-25,2024-07-25,3M,,코스닥,nan,,
451250,삐아,삐아,2024-04-25,2024-10-25,6M,,코스닥,nan,,
451250,삐아,삐아,2024-04-25,2025-04-25,1Y,,코스닥,nan,,
412540,제일엠앤에스,제일엠앤에스,2024-04-30,2024-05-15,15D,22000.0,코스닥,KB증권(주),,38
412540,제일엠앤에스,제일엠앤에스,2024-04-30,2024-05-30,1M,22000.0,코스닥,KB증권(주),,38
412540,제일엠앤에스,제일엠앤에스,2024-04-30,2024-07-30,3M,22000.0,코스닥,KB증권(주),,38
412540,제일엠앤에스,제일엠앤에스,2024-04-30,2024-10-30,6M,22000.0,코스닥,KB증권(주),,38
412540,제일엠앤에스,제일엠앤에스,2024-04-30,2025-04-30,1Y,22000.0,코스닥,KB증권(주),,38
347850,디앤디파마텍,디앤디파마텍,2024-05-02,2024-05-17,15D,33000.0,코스닥,한국투자증권(주),,38
347850,디앤디파마텍,디앤디파마텍,2024-05-02,2024-06-02,1M,33000.0,코스닥,한국투자증권(주),,38
347850,디앤디파마텍,디앤디파마텍,2024-05-02,2024-08-02,3M,33000.0,코스닥,한국투자증권(주),,38
347850,디앤디파마텍,디앤디파마텍,2024-05-02,2024-11-02,6M,33000.0,코스닥,한국투자증권(주),,38
347850,디앤디파마텍,디앤디파마텍,2024-05-02,2025-05-02,1Y,33000.0,코스닥,한국투자증권(주),,38
452200,민테크,민테크,2024-05-03,2024-05-18,15D,10500.0,코스닥,KB증권(주),,38
452200,민테크,민테크,2024-05-03,2024-06-03,1M,10500.0,코스닥,KB증권(주),,38
452200,민테크,민테크,2024-05-03,2024-08-03,3M,10500.0,코스닥,KB증권(주),,38
452200,민테크,민테크,2024-05-03,2024-11-03,6M,10500.0,코스닥,KB증권(주),,38
452200,민테크,민테크,2024-05-03,2025-05-03,1Y,10500.0,코스닥,KB증권(주),,38
140430,카티스,카티스,2024-05-03,2024-05-18,15D,,코스닥,nan,,
140430,카티스,카티스,2024-05-03,2024-06-03,1M,,코스닥,nan,,
140430,카티스,카티스,2024-05-03,2024-08-03,3M,,코스닥,nan,,
140430,카티스,카티스,2024-05-03,2024-11-03,6M,,코스닥,nan,,
140430,카티스,카티스,2024-05-03,2025-05-03,1Y,,코스닥,nan,,
126730,코칩,코칩,2024-05-07,2024-05-22,15D,18000.0,코스닥,한국투자증권(주),,38
126730,코칩,코칩,2024-05-07,2024-06-07,1M,18000.0,코스닥,한국투자증권(주),,38
126730,코칩,코칩,2024-05-07,2024-08-07,3M,18000.0,코스닥,한국투자증권(주),,38
126730,코칩,코칩,2024-05-07,2024-11-07,6M,18000.0,코스닥,한국투자증권(주),,38
126730,코칩,코칩,2024-05-07,2025-05-07,1Y,18000.0,코스닥,한국투자증권(주),,38
443060,HD현대마린솔루션,hd현대마린솔루션,2024-05-08,2024-05-23,15D,83400.0,유가,"신한투자증권 주식회사,하나증권주식회사,유비에스증권 리미티드 서울지점,CS증권 서울지점,제이피모간증권회사 서울지점,KB증권(주)",,38
443060,HD현대마린솔루션,hd현대마린솔루션,2024-05-08,2024-06-08,1M,83400.0,유가,"신한투자증권 주식회사,하나증권주식회사,유비에스증권 리미티드 서울지점,CS증권 서울지점,제이피모간증권회사 서울지점,KB증권(주)",,38
443060,HD현대마린솔루션,hd현대마린솔루션,2024-05-08,2024-08-08,3M,83400.0,유가,"신한투자증권 주식회사,하나증권주식회사,유비에스증권 리미티드 서울지점,CS증권 서울지점,제이피모간증권회사 서울지점,KB증권(주)",,38
443060,HD현대마린솔루션,hd현대마린솔루션,2024-05-08,2024-11-08,6M,83400.0,유가,"신한투자증권 주식회사,하나증권주식회사,유비에스증권 리미티드 서울지점,CS증권 서울지점,제이피모간증권회사 서울지점,KB증권(주)",,38
443060,HD현대마린솔루션,hd현대마린솔루션,2024-05-08,2025-05-08,1Y,83400.0,유가,"신한투자증권 주식회사,하나증권주식회사,유비에스증권 리미티드 서울지점,CS증권 서울지점,제이피모간증권회사 서울지점,KB증권(주)",,38
456010,아이씨티케이,아이씨티케이,2024-05-17,2024-06-01,15D,20000.0,코스닥,엔에이치투자증권(주),,38
456010,아이씨티케이,아이씨티케이,2024-05-17,2024-06-17,1M,20000.0,코스닥,엔에이치투자증권(주),,38
456010,아이씨티케이,아이씨티케이,2024-05-17,2024-08-17,3M,20000.0,코스닥,엔에이치투자증권(주),,38
456010,아이씨티케이,아이씨티케이,2024-05-17,2024-11-17,6M,20000.0,코스닥,엔에이치투자증권(주),,38
456010,아이씨티케이,아이씨티케이,2024-05-17,2025-05-17,1Y,20000.0,코스닥,엔에이치투자증권(주),,38
145170,노브랜드,노브랜드,2024-05-23,2024-06-07,15D,14000.0,코스닥,삼성증권(주),,38
145170,노브랜드,노브랜드,2024-05-23,2024-06-23,1M,14000.0,코스닥,삼성증권(주),,38
145170,노브랜드,노브랜드,2024-05-23,2024-08-23,3M,14000.0,코스닥,삼성증권(주),,38
145170,노브랜드,노브랜드,2024-05-23,2024-11-23,6M,14000.0,코스닥,삼성증권(주),,38
145170,노브랜드,노브랜드,2024-05-23,2025-05-23,1Y,14000.0,코스닥,삼성증권(주),,38
323350,다원넥스뷰,다원넥스뷰,2024-06-11,2024-06-26,15D,,코스닥,nan,,
323350,다원넥스뷰,다원넥스뷰,2024-06-11,2024-07-11,1M,,코스닥,nan,,
323350,다원넥스뷰,다원넥스뷰,2024-06-11,2024-09-11,3M,,코스닥,nan,,
323350,다원넥스뷰,다원넥스뷰,2024-06-11,2024-12-11,6M,,코스닥,nan,,
323350,다원넥스뷰,다원넥스뷰,2024-06-11,2025-06-11,1Y,,코스닥,nan,,
453450,그리드위즈,그리드위즈,2024-06-14,2024-06-29,15D,40000.0,코스닥,삼성증권(주),,38
453450,그리드위즈,그리드위즈,2024-06-14,2024-07-14,1M,40000.0,코스닥,삼성증권(주),,38
453450,그리드위즈,그리드위즈,2024-06-14,2024-09-14,3M,40000.0,코스닥,삼성증권(주),,38
453450,그리드위즈,그리드위즈,2024-06-14,2024-12-14,6M,40000.0,코스닥,삼성증권(주),,38
453450,그리드위즈,그리드위즈,2024-06-14,2025-06-14,1Y,40000.0,코스닥,삼성증권(주),,38
462510,라메디텍,라메디텍,2024-06-17,2024-07-02,15D,16000.0,코스닥,대신증권(주),,38
462510,라메디텍,라메디텍,2024-06-17,2024-07-17,1M,16000.0,코스닥,대신증권(주),,38
462510,라메디텍,라메디텍,2024-06-17,2024-09-17,3M,16000.0,코스닥,대신증권(주),,38
462510,라메디텍,라메디텍,2024-06-17,2024-12-17,6M,16000.0,코스닥,대신증권(주),,38
462510,라메디텍,라메디텍,2024-06-17,2025-06-17,1Y,16000.0,코스닥,대신증권(주),,38
458870,씨어스테크놀로지,씨어스테크놀로지,2024-06-19,2024-07-04,15D,17000.0,코스닥,한국투자증권(주),,38
458870,씨어스테크놀로지,씨어스테크놀로지,2024-06-19,2024-07-19,1M,17000.0,코스닥,한국투자증권(주),,38
458870,씨어스테크놀로지,씨어스테크놀로지,2024-06-19,2024-09-19,3M,17000.0,코스닥,한국투자증권(주),,38
458870,씨어스테크놀로지,씨어스테크놀로지,2024-06-19,2024-12-19,6M,17000.0,코스닥,한국투자증권(주),,38
458870,씨어스테크놀로지,씨어스테크놀로지,2024-06-19,2025-06-19,1Y,17000.0,코스닥,한국투자증권(주),,38
034230,파라다이스,파라다이스,2024-06-24,2024-07-09,15D,0.0,유가,신한투자증권 주식회사,,kind
034230,파라다이스,파라다이스,2024-06-24,2024-07-24,1M,0.0,유가,신한투자증권 주식회사,,kind
034230,파라다이스,파라다이스,2024-06-24,2024-09-24,3M,0.0,유가,신한투자증권 주식회사,,kind
034230,파라다이스,파라다이스,2024-06-24,2024-12-24,6M,0.0,유가,신한투자증권 주식회사,,kind
034230,파라다이스,파라다이스,2024-06-24,2025-06-24,1Y,0.0,유가,신한투자증권 주식회사,,kind
107640,한중엔시에스,한중엔시에스,2024-06-24,2024-07-09,15D,30000.0,코스닥,IBK투자증권(주),,38
107640,한중엔시에스,한중엔시에스,2024-06-24,2024-07-24,1M,30000.0,코스닥,IBK투자증권(주),,38
107640,한중엔시에스,한중엔시에스,2024-06-24,2024-09-24,3M,30000.0,코스닥,IBK투자증권(주),,38
107640,한중엔시에스,한중엔시에스,2024-06-24,2024-12-24,6M,30000.0,코스닥,IBK투자증권(주),,38
107640,한중엔시에스,한중엔시에스,2024-06-24,2025-06-24,1Y,30000.0,코스닥,IBK투자증권(주),,38
464080,에스오에스랩,에스오에스랩,2024-06-25,2024-07-10,15D,11500.0,코스닥,한국투자증권(주),,38
464080,에스오에스랩,에스오에스랩,2024-06-25,2024-07-25,1M,11500.0,코스닥,한국투자증권(주),,38
464080,에스오에스랩,에스오에스랩,2024-06-25,2024-09-25,3M,11500.0,코스닥,한국투자증권(주),,38
464080,에스오에스랩,에스오에스랩,2024-06-25,2024-12-25,6M,11500.0,코스닥,한국투자증권(주),,38
464080,에스오에스랩,에스오에스랩,2024-06-25,2025-06-25,1Y,11500.0,코스닥,한국투자증권(주),,38
160190,하이젠알앤엠,하이젠알앤엠,2024-06-27,2024-07-12,15D,7000.0,코스닥,한국투자증권(주),,38
160190,하이젠알앤엠,하이젠알앤엠,2024-06-27,2024-07-27,1M,7000.0,코스닥,한국투자증권(주),,38
160190,하이젠알앤엠,하이젠알앤엠,2024-06-27,2024-09-27,3M,7000.0,코스닥,한국투자증권(주),,38
160190,하이젠알앤엠,하이젠알앤엠,2024-06-27,2024-12-27,6M,7000.0,코스닥,한국투자증권(주),,38
160190,하이젠알앤엠,하이젠알앤엠,2024-06-27,2025-06-27,1Y,7000.0,코스닥,한국투자증권(주),,38
295310,에이치브이엠,에이치브이엠,2024-06-28,2024-07-13,15D,18000.0,코스닥,엔에이치투자증권(주),,38
295310,에이치브이엠,에이치브이엠,2024-06-28,2024-07-28,1M,18000.0,코스닥,엔에이치투자증권(주),,38
295310,에이치브이엠,에이치브이엠,2024-06-28,2024-09-28,3M,18000.0,코스닥,엔에이치투자증권(주),,38
295310,에이치브이엠,에이치브이엠,2024-06-28,2024-12-28,6M,18000.0,코스닥,엔에이치투자증권(주),,38
295310,에이치브이엠,에이치브이엠,2024-06-28,2025-06-28,1Y,18000.0,코스닥,엔에이치투자증권(주),,38
266350,팡스카이,팡스카이,2024-06-28,2024-07-13,15D,,코넥스,키움증권(주),,
266350,팡스카이,팡스카이,2024-06-28,2024-07-28,1M,,코넥스,키움증권(주),,
266350,팡스카이,팡스카이,2024-06-28,2024-09-28,3M,,코넥스,키움증권(주),,
266350,팡스카이,팡스카이,2024-06-28,2024-12-28,6M,,코넥스,키움증권(주),,
266350,팡스카이,팡스카이,2024-06-28,2025-06-28,1Y,,코넥스,키움증권(주),,
481850,신한글로벌액티브리츠,신한글로벌액티브리츠,2024-07-01,2024-07-16,15D,3000.0,유가,"신한투자증권 주식회사,한국투자증권(주)",,38
481850,신한글로벌액티브리츠,신한글로벌액티브리츠,2024-07-01,2024-08-01,1M,3000.0,유가,"신한투자증권 주식회사,한국투자증권(주)",,38
481850,신한글로벌액티브리츠,신한글로벌액티브리츠,2024-07-01,2024-10-01,3M,3000.0,유가,"신한투자증권 주식회사,한국투자증권(주)",,38
481850,신한글로벌액티브리츠,신한글로벌액티브리츠,2024-07-01,2025-01-01,6M,3000.0,유가,"신한투자증권 주식회사,한국투자증권(주)",,38
481850,신한글로벌액티브리츠,신한글로벌액티브리츠,2024-07-01,2025-07-01,1Y,3000.0,유가,"신한투자증권 주식회사,한국투자증권(주)",,38
462350,이노스페이스,이노스페이스,2024-07-02,2024-07-17,15D,43300.0,코스닥,미래에셋증권 주식회사,,38
462350,이노스페이스,이노스페이스,2024-07-02,2024-08-02,1M,43300.0,코스닥,미래에셋증권 주식회사,,38
462350,이노스페이스,이노스페이스,2024-07-02,2024-10-02,3M,43300.0,코스닥,미래에셋증권 주식회사,,38
462350,이노스페이스,이노스페이스,2024-07-02,2025-01-02,6M,43300.0,코스닥,미래에셋증권 주식회사,,38
462350,이노스페이스,이노스페이스,2024-07-02,2025-07-02,1Y,43300.0,코스닥,미래에셋증권 주식회사,,38
450330,하스,하스,2024-07-03,2024-07-18,15D,16000.0,코스닥,삼성증권(주),,38
450330,하스,하스,2024-07-03,2024-08-03,1M,16000.0,코스닥,삼성증권(주),,38
450330,하스,하스,2024-07-03,2024-10-03,3M,16000.0,코스닥,삼성증권(주),,38
450330,하스,하스,2024-07-03,2025-01-03,6M,16000.0,코스닥,삼성증권(주),,38
450330,하스,하스,2024-07-03,2025-07-03,1Y,16000.0,코스닥,삼성증권(주),,38
462870,시프트업,시프트업,2024-07-11,2024-07-26,15D,60000.0,유가,"한국투자증권(주),제이피모간증권회사 서울지점,엔에이치투자증권(주)",,38
462870,시프트업,시프트업,2024-07-11,2024-08-11,1M,60000.0,유가,"한국투자증권(주),제이피모간증권회사 서울지점,엔에이치투자증권(주)",,38
462870,시프트업,시프트업,2024-07-11,2024-10-11,3M,60000.0,유가,"한국투자증권(주),제이피모간증권회사 서울지점,엔에이치투자증권(주)",,38
462870,시프트업,시프트업,2024-07-11,2025-01-11,6M,60000.0,유가,"한국투자증권(주),제이피모간증권회사 서울지점,엔에이치투자증권(주)",,38
462870,시프트업,시프트업,2024-07-11,2025-07-11,1Y,60000.0,유가,"한국투자증권(주),제이피모간증권회사 서울지점,엔에이치투자증권(주)",,38
373110,엑셀세라퓨틱스,엑셀세라퓨틱스,2024-07-15,2024-07-30,15D,10000.0,코스닥,대신증권(주),,38
373110,엑셀세라퓨틱스,엑셀세라퓨틱스,2024-07-15,2024-08-15,1M,10000.0,코스닥,대신증권(주),,38
373110,엑셀세라퓨틱스,엑셀세라퓨틱스,2024-07-15,2024-10-15,3M,10000.0,코스닥,대신증권(주),,38
373110,엑셀세라퓨틱스,엑셀세라퓨틱스,2024-07-15,2025-01-15,6M,10000.0,코스닥,대신증권(주),,38
373110,엑셀세라퓨틱스,엑셀세라퓨틱스,2024-07-15,2025-07-15,1Y,10000.0,코스닥,대신증권(주),,38
487570,HS효성,hs효성,2024-07-29,2024-08-13,15D,,유가,nan,,
487570,HS효성,hs효성,2024-07-29,2024-08-29,1M,,유가,nan,,
487570,HS효성,hs효성,2024-07-29,2024-10-29,3M,,유가,nan,,
487570,HS효성,hs효성,2024-07-29,2025-01-29,6M,,유가,nan,,
487570,HS효성,hs효성,2024-07-29,2025-07-29,1Y,,유가,nan,,
062040,산일전기,산일전기,2024-07-29,2024-08-13,15D,35000.0,유가,미래에셋증권 주식회사,,38
062040,산일전기,산일전기,2024-07-29,2024-08-29,1M,35000.0,유가,미래에셋증권 주식회사,,38
062040,산일전기,산일전기,2024-07-29,2024-10-29,3M,35000.0,유가,미래에셋증권 주식회사,,38
062040,산일전기,산일전기,2024-07-29,2025-01-29,6M,35000.0,유가,미래에셋증권 주식회사,,38
062040,산일전기,산일전기,2024-07-29,2025-07-29,1Y,35000.0,유가,미래에셋증권 주식회사,,38
460940,피앤에스로보틱스,피앤에스로보틱스,2024-07-31,2024-08-15,15D,,코스닥,nan,,
460940,피앤에스로보틱스,피앤에스로보틱스,2024-07-31,2024-08-31,1M,,코스닥,nan,,
460940,피앤에스로보틱스,피앤에스로보틱스,2024-07-31,2024-10-31,3M,,코스닥,nan,,
460940,피앤에스로보틱스,피앤에스로보틱스,2024-07-31,2025-01-31,6M,,코스닥,nan,,
460940,피앤에스로보틱스,피앤에스로보틱스,2024-07-31,2025-07-31,1Y,,코스닥,nan,,
460470,아이빔테크놀로지,아이빔테크놀로지,2024-08-06,2024-08-21,15D,10000.0,코스닥,삼성증권(주),,38
460470,아이빔테크놀로지,아이빔테크놀로지,2024-08-06,2024-09-06,1M,10000.0,코스닥,삼성증권(주),,38
460470,아이빔테크놀로지,아이빔테크놀로지,2024-08-06,2024-11-06,3M,10000.0,코스닥,삼성증권(주),,38
460470,아이빔테크놀로지,아이빔테크놀로지,2024-08-06,2025-02-06,6M,10000.0,코스닥,삼성증권(주),,38
460470,아이빔테크놀로지,아이빔테크놀로지,2024-08-06,2025-08-06,1Y,10000.0,코스닥,삼성증권(주),,38
199480,뱅크웨어글로벌,뱅크웨어글로벌,2024-08-12,2024-08-27,15D,16000.0,코스닥,미래에셋증권 주식회사,,38
199480,뱅크웨어글로벌,뱅크웨어글로벌,2024-08-12,2024-09-12,1M,16000.0,코스닥,미래에셋증권 주식회사,,38
199480,뱅크웨어글로벌,뱅크웨어글로벌,2024-08-12,2024-11-12,3M,16000.0,코스닥,미래에셋증권 주식회사,,38
199480,뱅크웨어글로벌,뱅크웨어글로벌,2024-08-12,2025-02-12,6M,16000.0,코스닥,미래에셋증권 주식회사,,38
199480,뱅크웨어글로벌,뱅크웨어글로벌,2024-08-12,2025-08-12,1Y,16000.0,코스닥,미래에셋증권 주식회사,,38
088340,유라클,유라클,2024-08-16,2024-08-31,15D,21000.0,코스닥,키움증권(주),,38
088340,유라클,유라클,2024-08-16,2024-09-16,1M,21000.0,코스닥,키움증권(주),,38
088340,유라클,유라클,2024-08-16,2024-11-16,3M,21000.0,코스닥,키움증권(주),,38
088340,유라클,유라클,2024-08-16,2025-02-16,6M,21000.0,코스닥,키움증권(주),,38
088340,유라클,유라클,2024-08-16,2025-08-16,1Y,21000.0,코스닥,키움증권(주),,38
079900,전진건설로봇,전진건설로봇,2024-08-19,2024-09-03,15D,16500.0,유가,미래에셋증권 주식회사,,38
079900,전진건설로봇,전진건설로봇,2024-08-19,2024-09-19,1M,16500.0,유가,미래에셋증권 주식회사,,38
079900,전진건설로봇,전진건설로봇,2024-08-19,2024-11-19,3M,16500.0,유가,미래에셋증권 주식회사,,38
079900,전진건설로봇,전진건설로봇,2024-08-19,2025-02-19,6M,16500.0,유가,미래에셋증권 주식회사,,38
079900,전진건설로봇,전진건설로봇,2024-08-19,2025-08-19,1Y,16500.0,유가,미래에셋증권 주식회사,,38
389650,넥스트바이오메디컬,넥스트바이오메디컬,2024-08-20,2024-09-04,15D,29000.0,코스닥,한국투자증권(주),,38
389650,넥스트바이오메디컬,넥스트바이오메디컬,2024-08-20,2024-09-20,1M,29000.0,코스닥,한국투자증권(주),,38
389650,넥스트바이오메디컬,넥스트바이오메디컬,2024-08-20,2024-11-20,3M,29000.0,코스닥,한국투자증권(주),,38
389650,넥스트바이오메디컬,넥스트바이오메디컬,2024-08-20,2025-02-20,6M,29000.0,코스닥,한국투자증권(주),,38
389650,넥스트바이오메디컬,넥스트바이오메디컬,2024-08-20,2025-08-20,1Y,29000.0,코스닥,한국투자증권(주),,38
431190,케이쓰리아이,케이쓰리아이,2024-08-20,2024-09-04,15D,15500.0,코스닥,하나증권주식회사,,38
431190,케이쓰리아이,케이쓰리아이,2024-08-20,2024-09-20,1M,15500.0,코스닥,하나증권주식회사,,38
431190,케이쓰리아이,케이쓰리아이,2024-08-20,2024-11-20,3M,15500.0,코스닥,하나증권주식회사,,38
431190,케이쓰리아이,케이쓰리아이,2024-08-20,2025-02-20,6M,15500.0,코스닥,하나증권주식회사,,38
431190,케이쓰리아이,케이쓰리아이,2024-08-20,2025-08-20,1Y,15500.0,코스닥,하나증권주식회사,,38
464280,티디에스팜,티디에스팜,2024-08-21,2024-09-05,15D,13000.0,코스닥,한국투자증권(주),,38
464280,티디에스팜,티디에스팜,2024-08-21,2024-09-21,1M,13000.0,코스닥,한국투자증권(주),,38
464280,티디에스팜,티디에스팜,2024-08-21,2024-11-21,3M,13000.0,코스닥,한국투자증권(주),,38
464280,티디에스팜,티디에스팜,2024-08-21,2025-02-21,6M,13000.0,코스닥,한국투자증권(주),,38
464280,티디에스팜,티디에스팜,2024-08-21,2025-08-21,1Y,13000.0,코스닥,한국투자증권(주),,38
476080,M83,m83,2024-08-22,2024-09-06,15D,16000.0,코스닥,신영증권(주),,kind
476080,M83,m83,2024-08-22,2024-09-22,1M,16000.0,코스닥,신영증권(주),,kind
476080,M83,m83,2024-08-22,2024-11-22,3M,16000.0,코스닥,신영증권(주),,kind
476080,M83,m83,2024-08-22,2025-02-22,6M,16000.0,코스닥,신영증권(주),,kind
476080,M83,m83,2024-08-22,2025-08-22,1Y,16000.0,코스닥,신영증권(주),,kind
456070,이엔셀,이엔셀,2024-08-23,2024-09-07,15D,15300.0,코스닥,엔에이치투자증권(주),,38
456070,이엔셀,이엔셀,2024-08-23,2024-09-23,1M,15300.0,코스닥,엔에이치투자증권(주),,38
456070,이엔셀,이엔셀,2024-08-23,2024-11-23,3M,15300.0,코스닥,엔에이치투자증권(주),,38
456070,이엔셀,이엔셀,2024-08-23,2025-02-23,6M,15300.0,코스닥,엔에이치투자증권(주),,38
456070,이엔셀,이엔셀,2024-08-23,2025-08-23,1Y,15300.0,코스닥,엔에이치투자증권(주),,38
461300,아이스크림미디어,아이스크림미디어,2024-08-30,2024-09-14,15D,32000.0,코스닥,삼성증권(주),,38
461300,아이스크림미디어,아이스크림미디어,2024-08-30,2024-09-30,1M,32000.0,코스닥,삼성증권(주),,38
461300,아이스크림미디어,아이스크림미디어,2024-08-30,2024-11-30,3M,32000.0,코스닥,삼성증권(주),,38
461300,아이스크림미디어,아이스크림미디어,2024-08-30,2025-02-28,6M,32000.0,코스닥,삼성증권(주),,38
461300,아이스크림미디어,아이스크림미디어,2024-08-30,2025-08-30,1Y,32000.0,코스닥,삼성증권(주),,38
469750,아이비젼웍스,아이비젼웍스,2024-09-03,2024-09-18,15D,,코스닥,nan,,
469750,아이비젼웍스,아이비젼웍스,2024-09-03,2024-10-03,1M,,코스닥,nan,,
469750,아이비젼웍스,아이비젼웍스,2024-09-03,2024-12-03,3M,,코스닥,nan,,
469750,아이비젼웍스,아이비젼웍스,2024-09-03,2025-03-03,6M,,코스닥,nan,,
469750,아이비젼웍스,아이비젼웍스,2024-09-03,2025-09-03,1Y,,코스닥,nan,,
464500,아이언디바이스,아이언디바이스,2024-09-23,2024-10-08,15D,7000.0,코스닥,대신증권(주),,38
464500,아이언디바이스,아이언디바이스,2024-09-23,2024-10-23,1M,7000.0,코스닥,대신증권(주),,38
464500,아이언디바이스,아이언디바이스,2024-09-23,2024-12-23,3M,7000.0,코스닥,대신증권(주),,38
464500,아이언디바이스,아이언디바이스,2024-09-23,2025-03-23,6M,7000.0,코스닥,대신증권(주),,38
464500,아이언디바이스,아이언디바이스,2024-09-23,2025-09-23,1Y,7000.0,코스닥,대신증권(주),,38
351870,차이커뮤니케이션,차이커뮤니케이션,2024-09-27,2024-10-12,15D,,코스닥,nan,,
351870,차이커뮤니케이션,차이커뮤니케이션,2024-09-27,2024-10-27,1M,,코스닥,nan,,
351870,차이커뮤니케이션,차이커뮤니케이션,2024-09-27,2024-12-27,3M,,코스닥,nan,,
351870,차이커뮤니케이션,차이커뮤니케이션,2024-09-27,2025-03-27,6M,,코스닥,nan,,
351870,차이커뮤니케이션,차이커뮤니케이션,2024-09-27,2025-09-27,1Y,,코스닥,nan,,
489790,한화비전,한화비전,2024-09-27,2024-10-12,15D,,유가,nan,,
489790,한화비전,한화비전,2024-09-27,2024-10-27,1M,,유가,nan,,
489790,한화비전,한화비전,2024-09-27,2024-12-27,3M,,유가,nan,,
489790,한화비전,한화비전,2024-09-27,2025-03-27,6M,,유가,nan,,
489790,한화비전,한화비전,2024-09-27,2025-09-27,1Y,,유가,nan,,
381620,제닉스로보틱스,제닉스로보틱스,2024-09-30,2024-10-15,15D,,코스닥,nan,,
381620,제닉스로보틱스,제닉스로보틱스,2024-09-30,2024-10-30,1M,,코스닥,nan,,
381620,제닉스로보틱스,제닉스로보틱스,2024-09-30,2024-12-30,3M,,코스닥,nan,,
381620,제닉스로보틱스,제닉스로보틱스,2024-09-30,2025-03-30,6M,,코스닥,nan,,
381620,제닉스로보틱스,제닉스로보틱스,2024-09-30,2025-09-30,1Y,,코스닥,nan,,
308430,셀비온,셀비온,2024-10-16,2024-10-31,15D,15000.0,코스닥,대신증권(주),,38
308430,셀비온,셀비온,2024-10-16,2024-11-16,1M,15000.0,코스닥,대신증권(주),,38
308430,셀비온,셀비온,2024-10-16,2025-01-16,3M,15000.0,코스닥,대신증권(주),,38
308430,셀비온,셀비온,2024-10-16,2025-04-16,6M,15000.0,코스닥,대신증권(주),,38
308430,셀비온,셀비온,2024-10-16,2025-10-16,1Y,15000.0,코스닥,대신증권(주),,38
209640,와이제이링크,와이제이링크,2024-10-18,2024-11-02,15D,12000.0,코스닥,KB증권(주),,38
209640,와이제이링크,와이제이링크,2024-10-18,2024-11-18,1M,12000.0,코스닥,KB증권(주),,38
209640,와이제이링크,와이제이링크,2024-10-18,2025-01-18,3M,12000.0,코스닥,KB증권(주),,38
209640,와이제이링크,와이제이링크,2024-10-18,2025-04-18,6M,12000.0,코스닥,KB증권(주),,38
209640,와이제이링크,와이제이링크,2024-10-18,2025-10-18,1Y,12000.0,코스닥,KB증권(주),,38
465480,인스피언,인스피언,2024-10-18,2024-11-02,15D,12000.0,코스닥,한국투자증권(주),,38
465480,인스피언,인스피언,2024-10-18,2024-11-18,1M,12000.0,코스닥,한국투자증권(주),,38
465480,인스피언,인스피언,2024-10-18,2025-01-18,3M,12000.0,코스닥,한국투자증권(주),,38
465480,인스피언,인스피언,2024-10-18,2025-04-18,6M,12000.0,코스닥,한국투자증권(주),,38
465480,인스피언,인스피언,2024-10-18,2025-10-18,1Y,12000.0,코스닥,한국투자증권(주),,38
474170,루미르,루미르,2024-10-21,2024-11-05,15D,12000.0,코스닥,엔에이치투자증권(주),,38
474170,루미르,루미르,2024-10-21,2024-11-21,1M,12000.0,코스닥,엔에이치투자증권(주),,38
474170,루미르,루미르,2024-10-21,2025-01-21,3M,12000.0,코스닥,엔에이치투자증권(주),,38
474170,루미르,루미르,2024-10-21,2025-04-21,6M,12000.0,코스닥,엔에이치투자증권(주),,38
474170,루미르,루미르,2024-10-21,2025-10-21,1Y,12000.0,코스닥,엔에이치투자증권(주),,38
457370,한켐,한켐,2024-10-22,2024-11-06,15D,18000.0,코스닥,신영증권(주),,38
457370,한켐,한켐,2024-10-22,2024-11-22,1M,18000.0,코스닥,신영증권(주),,38
457370,한켐,한켐,2024-10-22,2025-01-22,3M,18000.0,코스닥,신영증권(주),,38
457370,한켐,한켐,2024-10-22,2025-04-22,6M,18000.0,코스닥,신영증권(주),,38
457370,한켐,한켐,2024-10-22,2025-10-22,1Y,18000.0,코스닥,신영증권(주),,38
475400,씨메스,씨메스,2024-10-24,2024-11-08,15D,30000.0,코스닥,"유진투자증권(주),삼성증권(주)",,38
475400,씨메스,씨메스,2024-10-24,2024-11-24,1M,30000.0,코스닥,"유진투자증권(주),삼성증권(주)",,38
475400,씨메스,씨메스,2024-10-24,2025-01-24,3M,30000.0,코스닥,"유진투자증권(주),삼성증권(주)",,38
475400,씨메스,씨메스,2024-10-24,2025-04-24,6M,30000.0,코스닥,"유진투자증권(주),삼성증권(주)",,38
475400,씨메스,씨메스,2024-10-24,2025-10-24,1Y,30000.0,코스닥,"유진투자증권(주),삼성증권(주)",,38
044990,에이치엔에스하이텍,에이치엔에스하이텍,2024-10-25,2024-11-09,15D,22000.0,코스닥,미래에셋증권 주식회사,,38
044990,에이치엔에스하이텍,에이치엔에스하이텍,2024-10-25,2024-11-25,1M,22000.0,코스닥,미래에셋증권 주식회사,,38
044990,에이치엔에스하이텍,에이치엔에스하이텍,2024-10-25,2025-01-25,3M,22000.0,코스닥,미래에셋증권 주식회사,,38
044990,에이치엔에스하이텍,에이치엔에스하이텍,2024-10-25,2025-04-25,6M,22000.0,코스닥,미래에셋증권 주식회사,,38
044990,에이치엔에스하이텍,에이치엔에스하이텍,2024-10-25,2025-10-25,1Y,22000.0,코스닥,미래에셋증권 주식회사,,38
289930,웨이비스,웨이비스,2024-10-25,2024-11-09,15D,15000.0,코스닥,대신증권(주),,38
289930,웨이비스,웨이비스,2024-10-25,2024-11-25,1M,15000.0,코스닥,대신증권(주),,38
289930,웨이비스,웨이비스,2024-10-25,2025-01-25,3M,15000.0,코스닥,대신증권(주),,38
289930,웨이비스,웨이비스,2024-10-25,2025-04-25,6M,15000.0,코스닥,대신증권(주),,38
289930,웨이비스,웨이비스,2024-10-25,2025-10-25,1Y,15000.0,코스닥,대신증권(주),,38
466100,클로봇,클로봇,2024-10-28,2024-11-12,15D,13000.0,코스닥,미래에셋증권 주식회사,,38
466100,클로봇,클로봇,2024-10-28,2024-11-28,1M,13000.0,코스닥,미래에셋증권 주식회사,,38
466100,클로봇,클로봇,2024-10-28,2025-01-28,3M,13000.0,코스닥,미래에셋증권 주식회사,,38
466100,클로봇,클로봇,2024-10-28,2025-04-28,6M,13000.0,코스닥,미래에셋증권 주식회사,,38
466100,클로봇,클로봇,2024-10-28,2025-10-28,1Y,13000.0,코스닥,미래에셋증권 주식회사,,38
476710,타조이엔터테인먼트,타조이엔터테인먼트,2024-10-30,2024-11-14,15D,,코넥스,nan,,
476710,타조이엔터테인먼트,타조이엔터테인먼트,2024-10-30,2024-11-30,1M,,코넥스,nan,,
476710,타조이엔터테인먼트,타조이엔터테인먼트,2024-10-30,2025-01-30,3M,,코넥스,nan,,
476710,타조이엔터테인먼트,타조이엔터테인먼트,2024-10-30,2025-04-30,6M,,코넥스,nan,,
476710,타조이엔터테인먼트,타조이엔터테인먼트,2024-10-30,2025-10-30,1Y,,코넥스,nan,,
475580,에이럭스,에이럭스,2024-11-01,2024-11-16,15D,16000.0,코스닥,한국투자증권(주),,38
475580,에이럭스,에이럭스,2024-11-01,2024-12-01,1M,16000.0,코스닥,한국투자증권(주),,38
475580,에이럭스,에이럭스,2024-11-01,2025-02-01,3M,16000.0,코스닥,한국투자증권(주),,38
475580,에이럭스,에이럭스,2024-11-01,2025-05-01,6M,16000.0,코스닥,한국투자증권(주),,38
475580,에이럭스,에이럭스,2024-11-01,2025-11-01,1Y,16000.0,코스닥,한국투자증권(주),,38
336680,탑런토탈솔루션,탑런토탈솔루션,2024-11-01,2024-11-16,15D,18000.0,코스닥,KB증권(주),,38
336680,탑런토탈솔루션,탑런토탈솔루션,2024-11-01,2024-12-01,1M,18000.0,코스닥,KB증권(주),,38
336680,탑런토탈솔루션,탑런토탈솔루션,2024-11-01,2025-02-01,3M,18000.0,코스닥,KB증권(주),,38
336680,탑런토탈솔루션,탑런토탈솔루션,2024-11-01,2025-05-01,6M,18000.0,코스닥,KB증권(주),,38
336680,탑런토탈솔루션,탑런토탈솔루션,2024-11-01,2025-11-01,1Y,18000.0,코스닥,KB증권(주),,38
376270,HEM파마,hem파마,2024-11-05,2024-11-20,15D,,코스닥,nan,,
376270,HEM파마,hem파마,2024-11-05,2024-12-05,1M,,코스닥,nan,,
376270,HEM파마,hem파마,2024-11-05,2025-02-05,3M,,코스닥,nan,,
376270,HEM파마,hem파마,2024-11-05,2025-05-05,6M,,코스닥,nan,,
376270,HEM파마,hem파마,2024-11-05,2025-11-05,1Y,,코스닥,nan,,
475560,더본코리아,더본코리아,2024-11-06,2024-11-21,15D,34000.0,유가,"한국투자증권(주),엔에이치투자증권(주)",,38
475560,더본코리아,더본코리아,2024-11-06,2024-12-06,1M,34000.0,유가,"한국투자증권(주),엔에이치투자증권(주)",,38
475560,더본코리아,더본코리아,2024-11-06,2025-02-06,3M,34000.0,유가,"한국투자증권(주),엔에이치투자증권(주)",,38
475560,더본코리아,더본코리아,2024-11-06,2025-05-06,6M,34000.0,유가,"한국투자증권(주),엔에이치투자증권(주)",,38
475560,더본코리아,더본코리아,2024-11-06,2025-11-06,1Y,34000.0,유가,"한국투자증권(주),엔에이치투자증권(주)",,38
475960,토모큐브,토모큐브,2024-11-07,2024-11-22,15D,16000.0,코스닥,대신증권(주),,38
475960,토모큐브,토모큐브,2024-11-07,2024-12-07,1M,16000.0,코스닥,대신증권(주),,38
475960,토모큐브,토모큐브,2024-11-07,2025-02-07,3M,16000.0,코스닥,대신증권(주),,38
475960,토모큐브,토모큐브,2024-11-07,2025-05-07,6M,16000.0,코스닥,대신증권(주),,38
475960,토모큐브,토모큐브,2024-11-07,2025-11-07,1Y,16000.0,코스닥,대신증권(주),,38
163280,에어레인,에어레인,2024-11-08,2024-11-23,15D,23000.0,코스닥,신영증권(주),,38
163280,에어레인,에어레인,2024-11-08,2024-12-08,1M,23000.0,코스닥,신영증권(주),,38
163280,에어레인,에어레인,2024-11-08,2025-02-08,3M,23000.0,코스닥,신영증권(주),,38
163280,에어레인,에어레인,2024-11-08,2025-05-08,6M,23000.0,코스닥,신영증권(주),,38
163280,에어레인,에어레인,2024-11-08,2025-11-08,1Y,23000.0,코스닥,신영증권(주),,38
473980,노머스,노머스,2024-11-12,2024-11-27,15D,30200.0,코스닥,대신증권(주),,38
473980,노머스,노머스,2024-11-12,2024-12-12,1M,30200.0,코스닥,대신증권(주),,38
473980,노머스,노머스,2024-11-12,2025-02-12,3M,30200.0,코스닥,대신증권(주),,38
473980,노머스,노머스,2024-11-12,2025-05-12,6M,30200.0,코스닥,대신증권(주),,38
473980,노머스,노머스,2024-11-12,2025-11-12,1Y,30200.0,코스닥,대신증권(주),,38
464580,닷밀,닷밀,2024-11-13,2024-11-28,15D,13000.0,코스닥,미래에셋증권 주식회사,,38
464580,닷밀,닷밀,2024-11-13,2024-12-13,1M,13000.0,코스닥,미래에셋증권 주식회사,,38
464580,닷밀,닷밀,2024-11-13,2025-02-13,3M,13000.0,코스닥,미래에셋증권 주식회사,,38
464580,닷밀,닷밀,2024-11-13,2025-05-13,6M,13000.0,코스닥,미래에셋증권 주식회사,,38
464580,닷밀,닷밀,2024-11-13,2025-11-13,1Y,13000.0,코스닥,미래에셋증권 주식회사,,38
394800,쓰리빌리언,쓰리빌리언,2024-11-14,2024-11-29,15D,4500.0,코스닥,한국투자증권(주),,38
394800,쓰리빌리언,쓰리빌리언,2024-11-14,2024-12-14,1M,4500.0,코스닥,한국투자증권(주),,38
394800,쓰리빌리언,쓰리빌리언,2024-11-14,2025-02-14,3M,4500.0,코스닥,한국투자증권(주),,38
394800,쓰리빌리언,쓰리빌리언,2024-11-14,2025-05-14,6M,4500.0,코스닥,한국투자증권(주),,38
394800,쓰리빌리언,쓰리빌리언,2024-11-14,2025-11-14,1Y,4500.0,코스닥,한국투자증권(주),,38
475660,에스켐,에스켐,2024-11-18,2024-12-03,15D,10000.0,코스닥,엔에이치투자증권(주),,38
475660,에스켐,에스켐,2024-11-18,2024-12-18,1M,10000.0,코스닥,엔에이치투자증권(주),,38
475660,에스켐,에스켐,2024-11-18,2025-02-18,3M,10000.0,코스닥,엔에이치투자증권(주),,38
475660,에스켐,에스켐,2024-11-18,2025-05-18,6M,10000.0,코스닥,엔에이치투자증권(주),,38
475660,에스켐,에스켐,2024-11-18,2025-11-18,1Y,10000.0,코스닥,엔에이치투자증권(주),,38
413390,엠오티,엠오티,2024-11-18,2024-12-03,15D,10000.0,코스닥,한국투자증권(주),,38
413390,엠오티,엠오티,2024-11-18,2024-12-18,1M,10000.0,코스닥,한국투자증권(주),,38
413390,엠오티,엠오티,2024-11-18,2025-02-18,3M,10000.0,코스닥,한국투자증권(주),,38
413390,엠오티,엠오티,2024-11-18,2025-05-18,6M,10000.0,코스닥,한국투자증권(주),,38
413390,엠오티,엠오티,2024-11-18,2025-11-18,1Y,10000.0,코스닥,한국투자증권(주),,38
474610,RF시스템즈,rf시스템즈,2024-11-19,2024-12-04,15D,,코스닥,nan,,
474610,RF시스템즈,rf시스템즈,2024-11-19,2024-12-19,1M,,코스닥,nan,,
474610,RF시스템즈,rf시스템즈,2024-11-19,2025-02-19,3M,,코스닥,nan,,
474610,RF시스템즈,rf시스템즈,2024-11-19,2025-05-19,6M,,코스닥,nan,,
474610,RF시스템즈,rf시스템즈,2024-11-19,2025-11-19,1Y,,코스닥,nan,,
466410,사이냅소프트,사이냅소프트,2024-11-19,2024-12-04,15D,24500.0,코스닥,엔에이치투자증권(주),,38
466410,사이냅소프트,사이냅소프트,2024-11-19,2024-12-19,1M,24500.0,코스닥,엔에이치투자증권(주),,38
466410,사이냅소프트,사이냅소프트,2024-11-19,2025-02-19,3M,24500.0,코스닥,엔에이치투자증권(주),,38
466410,사이냅소프트,사이냅소프트,2024-11-19,2025-05-19,6M,24500.0,코스닥,엔에이치투자증권(주),,38
466410,사이냅소프트,사이냅소프트,2024-11-19,2025-11-19,1Y,24500.0,코스닥,엔에이치투자증권(주),,38
459100,위츠,위츠,2024-11-20,2024-12-05,15D,6400.0,코스닥,신한투자증권 주식회사,,38
459100,위츠,위츠,2024-11-20,2024-12-20,1M,6400.0,코스닥,신한투자증권 주식회사,,38
459100,위츠,위츠,2024-11-20,2025-02-20,3M,6400.0,코스닥,신한투자증권 주식회사,,38
459100,위츠,위츠,2024-11-20,2025-05-20,6M,6400.0,코스닥,신한투자증권 주식회사,,38
459100,위츠,위츠,2024-11-20,2025-11-20,1Y,6400.0,코스닥,신한투자증권 주식회사,,38
389680,유디엠텍,유디엠텍,2024-11-20,2024-12-05,15D,,코스닥,nan,,
389680,유디엠텍,유디엠텍,2024-11-20,2024-12-20,1M,,코스닥,nan,,
389680,유디엠텍,유디엠텍,2024-11-20,2025-02-20,3M,,코스닥,nan,,
389680,유디엠텍,유디엠텍,2024-11-20,2025-05-20,6M,,코스닥,nan,,
389680,유디엠텍,유디엠텍,2024-11-20,2025-11-20,1Y,,코스닥,nan,,
415640,KB발해인프라,kb발해인프라,2024-11-29,2024-12-14,15D,,유가,nan,,
415640,KB발해인프라,kb발해인프라,2024-11-29,2024-12-29,1M,,유가,nan,,
415640,KB발해인프라,kb발해인프라,2024-11-29,2025-02-28,3M,,유가,nan,,
415640,KB발해인프라,kb발해인프라,2024-11-29,2025-05-29,6M,,유가,nan,,
415640,KB발해인프라,kb발해인프라,2024-11-29,2025-11-29,1Y,,유가,nan,,
471820,셀로맥스사이언스,셀로맥스사이언스,2024-12-13,2024-12-28,15D,,코스닥,nan,,
471820,셀로맥스사이언스,셀로맥스사이언스,2024-12-13,2025-01-13,1M,,코스닥,nan,,
471820,셀로맥스사이언스,셀로맥스사이언스,2024-12-13,2025-03-13,3M,,코스닥,nan,,
471820,셀로맥스사이언스,셀로맥스사이언스,2024-12-13,2025-06-13,6M,,코스닥,nan,,
471820,셀로맥스사이언스,셀로맥스사이언스,2024-12-13,2025-12-13,1Y,,코스닥,nan,,
457600,벡트,벡트,2024-12-16,2024-12-31,15D,3900.0,코스닥,신한투자증권 주식회사,,38
457600,벡트,벡트,2024-12-16,2025-01-16,1M,3900.0,코스닥,신한투자증권 주식회사,,38
457600,벡트,벡트,2024-12-16,2025-03-16,3M,3900.0,코스닥,신한투자증권 주식회사,,38
457600,벡트,벡트,2024-12-16,2025-06-16,6M,3900.0,코스닥,신한투자증권 주식회사,,38
457600,벡트,벡트,2024-12-16,2025-12-16,1Y,3900.0,코스닥,신한투자증권 주식회사,,38
484870,엠앤씨솔루션,엠앤씨솔루션,2024-12-16,2024-12-31,15D,65000.0,유가,KB증권(주),,38
484870,엠앤씨솔루션,엠앤씨솔루션,2024-12-16,2025-01-16,1M,65000.0,유가,KB증권(주),,38
484870,엠앤씨솔루션,엠앤씨솔루션,2024-12-16,2025-03-16,3M,65000.0,유가,KB증권(주),,38
484870,엠앤씨솔루션,엠앤씨솔루션,2024-12-16,2025-06-16,6M,65000.0,유가,KB증권(주),,38
484870,엠앤씨솔루션,엠앤씨솔루션,2024-12-16,2025-12-16,1Y,65000.0,유가,KB증권(주),,38
382150,온코크로스,온코크로스,2024-12-18,2025-01-02,15D,7300.0,코스닥,미래에셋증권 주식회사,,38
382150,온코크로스,온코크로스,2024-12-18,2025-01-18,1M,7300.0,코스닥,미래에셋증권 주식회사,,38
382150,온코크로스,온코크로스,2024-12-18,2025-03-18,3M,7300.0,코스닥,미래에셋증권 주식회사,,38
382150,온코크로스,온코크로스,2024-12-18,2025-06-18,6M,7300.0,코스닥,미래에셋증권 주식회사,,38
382150,온코크로스,온코크로스,2024-12-18,2025-12-18,1Y,7300.0,코스닥,미래에셋증권 주식회사,,38
398120,에스지헬스케어,에스지헬스케어,2024-12-19,2025-01-03,15D,,코스닥,nan,,
398120,에스지헬스케어,에스지헬스케어,2024-12-19,2025-01-19,1M,,코스닥,nan,,
398120,에스지헬스케어,에스지헬스케어,2024-12-19,2025-03-19,3M,,코스닥,nan,,
398120,에스지헬스케어,에스지헬스케어,2024-12-19,2025-06-19,6M,,코스닥,nan,,
398120,에스지헬스케어,에스지헬스케어,2024-12-19,2025-12-19,1Y,,코스닥,nan,,
476060,온코닉테라퓨틱스,온코닉테라퓨틱스,2024-12-19,2025-01-03,15D,13000.0,코스닥,엔에이치투자증권(주),,38
476060,온코닉테라퓨틱스,온코닉테라퓨틱스,2024-12-19,2025-01-19,1M,13000.0,코스닥,엔에이치투자증권(주),,38
476060,온코닉테라퓨틱스,온코닉테라퓨틱스,2024-12-19,2025-03-19,3M,13000.0,코스닥,엔에이치투자증권(주),,38
476060,온코닉테라퓨틱스,온코닉테라퓨틱스,2024-12-19,2025-06-19,6M,13000.0,코스닥,엔에이치투자증권(주),,38
476060,온코닉테라퓨틱스,온코닉테라퓨틱스,2024-12-19,2025-12-19,1Y,13000.0,코스닥,엔에이치투자증권(주),,38
176750,듀켐바이오,듀켐바이오,2024-12-20,2025-01-04,15D,8000.0,코스닥,엔에이치투자증권(주),,38
176750,듀켐바이오,듀켐바이오,2024-12-20,2025-01-20,1M,8000.0,코스닥,엔에이치투자증권(주),,38
176750,듀켐바이오,듀켐바이오,2024-12-20,2025-03-20,3M,8000.0,코스닥,엔에이치투자증권(주),,38
176750,듀켐바이오,듀켐바이오,2024-12-20,2025-06-20,6M,8000.0,코스닥,엔에이치투자증권(주),,38
176750,듀켐바이오,듀켐바이오,2024-12-20,2025-12-20,1Y,8000.0,코스닥,엔에이치투자증권(주),,38
499790,GS피앤엘,gs피앤엘,2024-12-23,2025-01-07,15D,,유가,엔에이치투자증권(주),,
499790,GS피앤엘,gs피앤엘,2024-12-23,2025-01-23,1M,,유가,엔에이치투자증권(주),,
499790,GS피앤엘,gs피앤엘,2024-12-23,2025-03-23,3M,,유가,엔에이치투자증권(주),,
499790,GS피앤엘,gs피앤엘,2024-12-23,2025-06-23,6M,,유가,엔에이치투자증권(주),,
499790,GS피앤엘,gs피앤엘,2024-12-23,2025-12-23,1Y,,유가,엔에이치투자증권(주),,
495810,유비씨,유비씨,2024-12-23,2025-01-07,15D,,코넥스,아이비케이투자증권(주),,
495810,유비씨,유비씨,2024-12-23,2025-01-23,1M,,코넥스,아이비케이투자증권(주),,
495810,유비씨,유비씨,2024-12-23,2025-03-23,3M,,코넥스,아이비케이투자증권(주),,
495810,유비씨,유비씨,2024-12-23,2025-06-23,6M,,코넥스,아이비케이투자증권(주),,
495810,유비씨,유비씨,2024-12-23,2025-12-23,1Y,,코넥스,아이비케이투자증권(주),,
368030,창대정밀,창대정밀,2024-12-23,2025-01-07,15D,,코넥스,아이비케이투자증권(주),,
368030,창대정밀,창대정밀,2024-12-23,2025-01-23,1M,,코넥스,아이비케이투자증권(주),,
368030,창대정밀,창대정밀,2024-12-23,2025-03-23,3M,,코넥스,아이비케이투자증권(주),,
368030,창대정밀,창대정밀,2024-12-23,2025-06-23,6M,,코넥스,아이비케이투자증권(주),,
368030,창대정밀,창대정밀,2024-12-23,2025-12-23,1Y,,코넥스,아이비케이투자증권(주),,
177900,쓰리에이로직스,쓰리에이로직스,2024-12-24,2025-01-08,15D,11000.0,코스닥,"신한투자증권 주식회사,미래에셋증권 주식회사",,38
177900,쓰리에이로직스,쓰리에이로직스,2024-12-24,2025-01-24,1M,11000.0,코스닥,"신한투자증권 주식회사,미래에셋증권 주식회사",,38
177900,쓰리에이로직스,쓰리에이로직스,2024-12-24,2025-03-24,3M,11000.0,코스닥,"신한투자증권 주식회사,미래에셋증권 주식회사",,38
177900,쓰리에이로직스,쓰리에이로직스,2024-12-24,2025-06-24,6M,11000.0,코스닥,"신한투자증권 주식회사,미래에셋증권 주식회사",,38
177900,쓰리에이로직스,쓰리에이로직스,2024-12-24,2025-12-24,1Y,11000.0,코스닥,"신한투자증권 주식회사,미래에셋증권 주식회사",,38
432980,엠에프씨,엠에프씨,2024-12-26,2025-01-10,15D,,코스닥,nan,,
432980,엠에프씨,엠에프씨,2024-12-26,2025-01-26,1M,,코스닥,nan,,
432980,엠에프씨,엠에프씨,2024-12-26,2025-03-26,3M,,코스닥,nan,,
432980,엠에프씨,엠에프씨,2024-12-26,2025-06-26,6M,,코스닥,nan,,
432980,엠에프씨,엠에프씨,2024-12-26,2025-12-26,1Y,,코스닥,nan,,
387570,파인메딕스,파인메딕스,2024-12-26,2025-01-10,15D,10000.0,코스닥,한국투자증권(주),,38
387570,파인메딕스,파인메딕스,2024-12-26,2025-01-26,1M,10000.0,코스닥,한국투자증권(주),,38
387570,파인메딕스,파인메딕스,2024-12-26,2025-03-26,3M,10000.0,코스닥,한국투자증권(주),,38
387570,파인메딕스,파인메딕스,2024-12-26,2025-06-26,6M,10000.0,코스닥,한국투자증권(주),,38
387570,파인메딕스,파인메딕스,2024-12-26,2025-12-26,1Y,10000.0,코스닥,한국투자증권(주),,38
332190,오션스바이오,오션스바이오,2025-01-14,2025-01-29,15D,,코넥스,교보증권(주),,
332190,오션스바이오,오션스바이오,2025-01-14,2025-02-14,1M,,코넥스,교보증권(주),,
332190,오션스바이오,오션스바이오,2025-01-14,2025-04-14,3M,,코넥스,교보증권(주),,
332190,오션스바이오,오션스바이오,2025-01-14,2025-07-14,6M,,코넥스,교보증권(주),,
332190,오션스바이오,오션스바이오,2025-01-14,2026-01-14,1Y,,코넥스,교보증권(주),,
478560,블랙야크아이앤씨,블랙야크아이앤씨,2025-01-21,2025-02-05,15D,,코스닥,nan,,
478560,블랙야크아이앤씨,블랙야크아이앤씨,2025-01-21,2025-02-21,1M,,코스닥,nan,,
478560,블랙야크아이앤씨,블랙야크아이앤씨,2025-01-21,2025-04-21,3M,,코스닥,nan,,
478560,블랙야크아이앤씨,블랙야크아이앤씨,2025-01-21,2025-07-21,6M,,코스닥,nan,,
478560,블랙야크아이앤씨,블랙야크아이앤씨,2025-01-21,2026-01-21,1Y,,코스닥,nan,,
475460,미트박스,미트박스,2025-01-23,2025-02-07,15D,19000.0,코스닥,미래에셋증권 주식회사,,kind
475460,미트박스,미트박스,2025-01-23,2025-02-23,1M,19000.0,코스닥,미래에셋증권 주식회사,,kind
475460,미트박스,미트박스,2025-01-23,2025-04-23,3M,19000.0,코스닥,미래에셋증권 주식회사,,kind
475460,미트박스,미트박스,2025-01-23,2025-07-23,6M,19000.0,코스닥,미래에셋증권 주식회사,,kind
475460,미트박스,미트박스,2025-01-23,2026-01-23,1Y,19000.0,코스닥,미래에셋증권 주식회사,,kind
373160,데이원컴퍼니,데이원컴퍼니,2025-01-24,2025-02-08,15D,13000.0,코스닥,"미래에셋증권 주식회사,삼성증권(주)",,38
373160,데이원컴퍼니,데이원컴퍼니,2025-01-24,2025-02-24,1M,13000.0,코스닥,"미래에셋증권 주식회사,삼성증권(주)",,38
373160,데이원컴퍼니,데이원컴퍼니,2025-01-24,2025-04-24,3M,13000.0,코스닥,"미래에셋증권 주식회사,삼성증권(주)",,38
373160,데이원컴퍼니,데이원컴퍼니,2025-01-24,2025-07-24,6M,13000.0,코스닥,"미래에셋증권 주식회사,삼성증권(주)",,38
373160,데이원컴퍼니,데이원컴퍼니,2025-01-24,2026-01-24,1Y,13000.0,코스닥,"미래에셋증권 주식회사,삼성증권(주)",,38
450950,아스테라시스,아스테라시스,2025-01-24,2025-02-08,15D,4600.0,코스닥,DB증권주식회사,,38
450950,아스테라시스,아스테라시스,2025-01-24,2025-02-24,1M,4600.0,코스닥,DB증권주식회사,,38
450950,아스테라시스,아스테라시스,2025-01-24,2025-04-24,3M,4600.0,코스닥,DB증권주식회사,,38
450950,아스테라시스,아스테라시스,2025-01-24,2025-07-24,6M,4600.0,코스닥,DB증권주식회사,,38
450950,아스테라시스,아스테라시스,2025-01-24,2026-01-24,1Y,4600.0,코스닥,DB증권주식회사,,38
096250,와이즈넛,와이즈넛,2025-01-24,2025-02-08,15D,17000.0,코스닥,삼성증권(주),,38
096250,와이즈넛,와이즈넛,2025-01-24,2025-02-24,1M,17000.0,코스닥,삼성증권(주),,38
096250,와이즈넛,와이즈넛,2025-01-24,2025-04-24,3M,17000.0,코스닥,삼성증권(주),,38
096250,와이즈넛,와이즈넛,2025-01-24,2025-07-24,6M,17000.0,코스닥,삼성증권(주),,38
096250,와이즈넛,와이즈넛,2025-01-24,2026-01-24,1Y,17000.0,코스닥,삼성증권(주),,38
482630,삼양엔씨켐,삼양엔씨켐,2025-02-03,2025-02-18,15D,18000.0,코스닥,KB증권(주),,38
482630,삼양엔씨켐,삼양엔씨켐,2025-02-03,2025-03-03,1M,18000.0,코스닥,KB증권(주),,38
482630,삼양엔씨켐,삼양엔씨켐,2025-02-03,2025-05-03,3M,18000.0,코스닥,KB증권(주),,38
482630,삼양엔씨켐,삼양엔씨켐,2025-02-03,2025-08-03,6M,18000.0,코스닥,KB증권(주),,38
482630,삼양엔씨켐,삼양엔씨켐,2025-02-03,2026-02-03,1Y,18000.0,코스닥,KB증권(주),,38
462980,아이지넷,아이지넷,2025-02-04,2025-02-19,15D,7000.0,코스닥,한국투자증권(주),,38
462980,아이지넷,아이지넷,2025-02-04,2025-03-04,1M,7000.0,코스닥,한국투자증권(주),,38
462980,아이지넷,아이지넷,2025-02-04,2025-05-04,3M,7000.0,코스닥,한국투자증권(주),,38
462980,아이지넷,아이지넷,2025-02-04,2025-08-04,6M,7000.0,코스닥,한국투자증권(주),,38
462980,아이지넷,아이지넷,2025-02-04,2026-02-04,1Y,7000.0,코스닥,한국투자증권(주),,38
452450,피아이이,피아이이,2025-02-04,2025-02-19,15D,5000.0,코스닥,삼성증권(주),,38
452450,피아이이,피아이이,2025-02-04,2025-03-04,1M,5000.0,코스닥,삼성증권(주),,38
452450,피아이이,피아이이,2025-02-04,2025-05-04,3M,5000.0,코스닥,삼성증권(주),,38
452450,피아이이,피아이이,2025-02-04,2025-08-04,6M,5000.0,코스닥,삼성증권(주),,38
452450,피아이이,피아이이,2025-02-04,2026-02-04,1Y,5000.0,코스닥,삼성증권(주),,38
064400,LG씨엔에스,lg씨엔에스,2025-02-05,2025-02-20,15D,61900.0,유가,"KB증권(주),메릴린치인터내셔날엘엘씨증권 서울지점,모간스탠리인터내셔날증권회사 서울지점",,kind
064400,LG씨엔에스,lg씨엔에스,2025-02-05,2025-03-05,1M,61900.0,유가,"KB증권(주),메릴린치인터내셔날엘엘씨증권 서울지점,모간스탠리인터내셔날증권회사 서울지점",,kind
064400,LG씨엔에스,lg씨엔에스,2025-02-05,2025-05-05,3M,61900.0,유가,"KB증권(주),메릴린치인터내셔날엘엘씨증권 서울지점,모간스탠리인터내셔날증권회사 서울지점",,kind
064400,LG씨엔에스,lg씨엔에스,2025-02-05,2025-08-05,6M,61900.0,유가,"KB증권(주),메릴린치인터내셔날엘엘씨증권 서울지점,모간스탠리인터내셔날증권회사 서울지점",,kind
064400,LG씨엔에스,lg씨엔에스,2025-02-05,2026-02-05,1Y,61900.0,유가,"KB증권(주),메릴린치인터내셔날엘엘씨증권 서울지점,모간스탠리인터내셔날증권회사 서울지점",,kind
212710,아이에스티이,아이에스티이,2025-02-12,2025-02-27,15D,11400.0,코스닥,KB증권(주),,38
212710,아이에스티이,아이에스티이,2025-02-12,2025-03-12,1M,11400.0,코스닥,KB증권(주),,38
212710,아이에스티이,아이에스티이,2025-02-12,2025-05-12,3M,11400.0,코스닥,KB증권(주),,38
212710,아이에스티이,아이에스티이,2025-02-12,2025-08-12,6M,11400.0,코스닥,KB증권(주),,38
212710,아이에스티이,아이에스티이,2025-02-12,2026-02-12,1Y,11400.0,코스닥,KB증권(주),,38
240550,동방메디컬,동방메디컬,2025-02-13,2025-02-28,15D,10500.0,코스닥,엔에이치투자증권(주),,38
240550,동방메디컬,동방메디컬,2025-02-13,2025-03-13,1M,10500.0,코스닥,엔에이치투자증권(주),,38
240550,동방메디컬,동방메디컬,2025-02-13,2025-05-13,3M,10500.0,코스닥,엔에이치투자증권(주),,38
240550,동방메디컬,동방메디컬,2025-02-13,2025-08-13,6M,10500.0,코스닥,엔에이치투자증권(주),,38
240550,동방메디컬,동방메디컬,2025-02-13,2026-02-13,1Y,10500.0,코스닥,엔에이치투자증권(주),,38
475830,오름테라퓨틱,오름테라퓨틱,2025-02-14,2025-03-01,15D,20000.0,코스닥,한국투자증권(주),,38
475830,오름테라퓨틱,오름테라퓨틱,2025-02-14,2025-03-14,1M,20000.0,코스닥,한국투자증권(주),,38
475830,오름테라퓨틱,오름테라퓨틱,2025-02-14,2025-05-14,3M,20000.0,코스닥,한국투자증권(주),,38
475830,오름테라퓨틱,오름테라퓨틱,2025-02-14,2025-08-14,6M,20000.0,코스닥,한국투자증권(주),,38
475830,오름테라퓨틱,오름테라퓨틱,2025-02-14,2026-02-14,1Y,20000.0,코스닥,한국투자증권(주),,38
303810,동국생명과학,동국생명과학,2025-02-17,2025-03-04,15D,9000.0,코스닥,"엔에이치투자증권(주),KB증권(주)",,38
303810,동국생명과학,동국생명과학,2025-02-17,2025-03-17,1M,9000.0,코스닥,"엔에이치투자증권(주),KB증권(주)",,38
303810,동국생명과학,동국생명과학,2025-02-17,2025-05-17,3M,9000.0,코스닥,"엔에이치투자증권(주),KB증권(주)",,38
303810,동국생명과학,동국생명과학,2025-02-17,2025-08-17,6M,9000.0,코스닥,"엔에이치투자증권(주),KB증권(주)",,38
303810,동국생명과학,동국생명과학,2025-02-17,2026-02-17,1Y,9000.0,코스닥,"엔에이치투자증권(주),KB증권(주)",,38
463480,모티브링크,모티브링크,2025-02-20,2025-03-07,15D,6000.0,코스닥,미래에셋증권 주식회사,,38
463480,모티브링크,모티브링크,2025-02-20,2025-03-20,1M,6000.0,코스닥,미래에셋증권 주식회사,,38
463480,모티브링크,모티브링크,2025-02-20,2025-05-20,3M,6000.0,코스닥,미래에셋증권 주식회사,,38
463480,모티브링크,모티브링크,2025-02-20,2025-08-20,6M,6000.0,코스닥,미래에셋증권 주식회사,,38
463480,모티브링크,모티브링크,2025-02-20,2026-02-20,1Y,6000.0,코스닥,미래에셋증권 주식회사,,38
479960,위너스,위너스,2025-02-24,2025-03-11,15D,8500.0,코스닥,미래에셋증권 주식회사,,38
479960,위너스,위너스,2025-02-24,2025-03-24,1M,8500.0,코스닥,미래에셋증권 주식회사,,38
479960,위너스,위너스,2025-02-24,2025-05-24,3M,8500.0,코스닥,미래에셋증권 주식회사,,38
479960,위너스,위너스,2025-02-24,2025-08-24,6M,8500.0,코스닥,미래에셋증권 주식회사,,38
479960,위너스,위너스,2025-02-24,2026-02-24,1Y,8500.0,코스닥,미래에셋증권 주식회사,,38
489500,엘케이켐,엘케이켐,2025-02-25,2025-03-12,15D,21000.0,코스닥,신영증권(주),,38
489500,엘케이켐,엘케이켐,2025-02-25,2025-03-25,1M,21000.0,코스닥,신영증권(주),,38
489500,엘케이켐,엘케이켐,2025-02-25,2025-05-25,3M,21000.0,코스닥,신영증권(주),,38
489500,엘케이켐,엘케이켐,2025-02-25,2025-08-25,6M,21000.0,코스닥,신영증권(주),,38
489500,엘케이켐,엘케이켐,2025-02-25,2026-02-25,1Y,21000.0,코스닥,신영증권(주),,38
435570,에르코스,에르코스,2025-02-28,2025-03-15,15D,,코스닥,nan,,
435570,에르코스,에르코스,2025-02-28,2025-03-28,1M,,코스닥,nan,,
435570,에르코스,에르코스,2025-02-28,2025-05-28,3M,,코스닥,nan,,
435570,에르코스,에르코스,2025-02-28,2025-08-28,6M,,코스닥,nan,,
435570,에르코스,에르코스,2025-02-28,2026-02-28,1Y,,코스닥,nan,,
393970,대진첨단소재,대진첨단소재,2025-03-06,2025-03-21,15D,9000.0,코스닥,미래에셋증권 주식회사,,38
393970,대진첨단소재,대진첨단소재,2025-03-06,2025-04-06,1M,9000.0,코스닥,미래에셋증권 주식회사,,38
393970,대진첨단소재,대진첨단소재,2025-03-06,2025-06-06,3M,9000.0,코스닥,미래에셋증권 주식회사,,38
393970,대진첨단소재,대진첨단소재,2025-03-06,2025-09-06,6M,9000.0,코스닥,미래에셋증권 주식회사,,38
393970,대진첨단소재,대진첨단소재,2025-03-06,2026-03-06,1Y,9000.0,코스닥,미래에셋증권 주식회사,,38
460870,에스엠씨지,에스엠씨지,2025-03-07,2025-03-22,15D,,코스닥,nan,,
460870,에스엠씨지,에스엠씨지,2025-03-07,2025-04-07,1M,,코스닥,nan,,
460870,에스엠씨지,에스엠씨지,2025-03-07,2025-06-07,3M,,코스닥,nan,,
460870,에스엠씨지,에스엠씨지,2025-03-07,2025-09-07,6M,,코스닥,nan,,
460870,에스엠씨지,에스엠씨지,2025-03-07,2026-03-07,1Y,,코스닥,nan,,
226590,엠디바이스,엠디바이스,2025-03-07,2025-03-22,15D,8350.0,코스닥,삼성증권(주),,38
226590,엠디바이스,엠디바이스,2025-03-07,2025-04-07,1M,8350.0,코스닥,삼성증권(주),,38
226590,엠디바이스,엠디바이스,2025-03-07,2025-06-07,3M,8350.0,코스닥,삼성증권(주),,38
226590,엠디바이스,엠디바이스,2025-03-07,2025-09-07,6M,8350.0,코스닥,삼성증권(주),,38
226590,엠디바이스,엠디바이스,2025-03-07,2026-03-07,1Y,8350.0,코스닥,삼성증권(주),,38
031210,서울보증보험,서울보증보험,2025-03-14,2025-03-29,15D,26000.0,유가,"미래에셋증권 주식회사,삼성증권(주)",,38
031210,서울보증보험,서울보증보험,2025-03-14,2025-04-14,1M,26000.0,유가,"미래에셋증권 주식회사,삼성증권(주)",,38
031210,서울보증보험,서울보증보험,2025-03-14,2025-06-14,3M,26000.0,유가,"미래에셋증권 주식회사,삼성증권(주)",,38
031210,서울보증보험,서울보증보험,2025-03-14,2025-09-14,6M,26000.0,유가,"미래에셋증권 주식회사,삼성증권(주)",,38
031210,서울보증보험,서울보증보험,2025-03-14,2026-03-14,1Y,26000.0,유가,"미래에셋증권 주식회사,삼성증권(주)",,38
480370,씨케이솔루션,씨케이솔루션,2025-03-17,2025-04-01,15D,15000.0,유가,엔에이치투자증권(주),,38
480370,씨케이솔루션,씨케이솔루션,2025-03-17,2025-04-17,1M,15000.0,유가,엔에이치투자증권(주),,38
480370,씨케이솔루션,씨케이솔루션,2025-03-17,2025-06-17,3M,15000.0,유가,엔에이치투자증권(주),,38
480370,씨케이솔루션,씨케이솔루션,2025-03-17,2025-09-17,6M,15000.0,유가,엔에이치투자증권(주),,38
480370,씨케이솔루션,씨케이솔루션,2025-03-17,2026-03-17,1Y,15000.0,유가,엔에이치투자증권(주),,38
484810,티엑스알로보틱스,티엑스알로보틱스,2025-03-20,2025-04-04,15D,13500.0,코스닥,"신한투자증권 주식회사,엔에이치투자증권(주)",,38
484810,티엑스알로보틱스,티엑스알로보틱스,2025-03-20,2025-04-20,1M,13500.0,코스닥,"신한투자증권 주식회사,엔에이치투자증권(주)",,38
484810,티엑스알로보틱스,티엑스알로보틱스,2025-03-20,2025-06-20,3M,13500.0,코스닥,"신한투자증권 주식회사,엔에이치투자증권(주)",,38
484810,티엑스알로보틱스,티엑스알로보틱스,2025-03-20,2025-09-20,6M,13500.0,코스닥,"신한투자증권 주식회사,엔에이치투자증권(주)",,38
484810,티엑스알로보틱스,티엑스알로보틱스,2025-03-20,2026-03-20,1Y,13500.0,코스닥,"신한투자증권 주식회사,엔에이치투자증권(주)",,38
098070,한텍,한텍,2025-03-20,2025-04-04,15D,10800.0,코스닥,대신증권(주),,38
098070,한텍,한텍,2025-03-20,2025-04-20,1M,10800.0,코스닥,대신증권(주),,38
098070,한텍,한텍,2025-03-20,2025-06-20,3M,10800.0,코스닥,대신증권(주),,38
098070,한텍,한텍,2025-03-20,2025-09-20,6M,10800.0,코스닥,대신증권(주),,38
098070,한텍,한텍,2025-03-20,2026-03-20,1Y,10800.0,코스닥,대신증권(주),,38
444530,심플랫폼,심플랫폼,2025-03-21,2025-04-05,15D,15000.0,코스닥,KB증권(주),,38
444530,심플랫폼,심플랫폼,2025-03-21,2025-04-21,1M,15000.0,코스닥,KB증권(주),,38
444530,심플랫폼,심플랫폼,2025-03-21,2025-06-21,3M,15000.0,코스닥,KB증권(주),,38
444530,심플랫폼,심플랫폼,2025-03-21,2025-09-21,6M,15000.0,코스닥,KB증권(주),,38
444530,심플랫폼,심플랫폼,2025-03-21,2026-03-21,1Y,15000.0,코스닥,KB증권(주),,38
462860,더즌,더즌,2025-03-24,2025-04-08,15D,9000.0,코스닥,한국투자증권(주),,38
462860,더즌,더즌,2025-03-24,2025-04-24,1M,9000.0,코스닥,한국투자증권(주),,38
462860,더즌,더즌,2025-03-24,2025-06-24,3M,9000.0,코스닥,한국투자증권(주),,38
462860,더즌,더즌,2025-03-24,2025-09-24,6M,9000.0,코스닥,한국투자증권(주),,38
462860,더즌,더즌,2025-03-24,2026-03-24,1Y,9000.0,코스닥,한국투자증권(주),,38
101970,우양에이치씨,우양에이치씨,2025-03-28,2025-04-12,15D,,코스닥,nan,,
101970,우양에이치씨,우양에이치씨,2025-03-28,2025-04-28,1M,,코스닥,nan,,
101970,우양에이치씨,우양에이치씨,2025-03-28,2025-06-28,3M,,코스닥,nan,,
101970,우양에이치씨,우양에이치씨,2025-03-28,2025-09-28,6M,,코스닥,nan,,
101970,우양에이치씨,우양에이치씨,2025-03-28,2026-03-28,1Y,,코스닥,nan,,
481070,에이유브랜즈,에이유브랜즈,2025-04-03,2025-04-18,15D,16000.0,코스닥,한국투자증권(주),,38
481070,에이유브랜즈,에이유브랜즈,2025-04-03,2025-05-03,1M,16000.0,코스닥,한국투자증권(주),,38
481070,에이유브랜즈,에이유브랜즈,2025-04-03,2025-07-03,3M,16000.0,코스닥,한국투자증권(주),,38
481070,에이유브랜즈,에이유브랜즈,2025-04-03,2025-10-03,6M,16000.0,코스닥,한국투자증권(주),,38
481070,에이유브랜즈,에이유브랜즈,2025-04-03,2026-04-03,1Y,16000.0,코스닥,한국투자증권(주),,38
448900,한국피아이엠,한국피아이엠,2025-04-04,2025-04-19,15D,11200.0,코스닥,IBK투자증권(주),,38
448900,한국피아이엠,한국피아이엠,2025-04-04,2025-05-04,1M,11200.0,코스닥,IBK투자증권(주),,38
448900,한국피아이엠,한국피아이엠,2025-04-04,2025-07-04,3M,11200.0,코스닥,IBK투자증권(주),,38
448900,한국피아이엠,한국피아이엠,2025-04-04,2025-10-04,6M,11200.0,코스닥,IBK투자증권(주),,38
448900,한국피아이엠,한국피아이엠,2025-04-04,2026-04-04,1Y,11200.0,코스닥,IBK투자증권(주),,38
081180,쎄크,쎄크,2025-04-28,2025-05-13,15D,15000.0,코스닥,신영증권(주),,38
081180,쎄크,쎄크,2025-04-28,2025-05-28,1M,15000.0,코스닥,신영증권(주),,38
081180,쎄크,쎄크,2025-04-28,2025-07-28,3M,15000.0,코스닥,신영증권(주),,38
081180,쎄크,쎄크,2025-04-28,2025-10-28,6M,15000.0,코스닥,신영증권(주),,38
081180,쎄크,쎄크,2025-04-28,2026-04-28,1Y,15000.0,코스닥,신영증권(주),,38
364950,에이아이코리아,에이아이코리아,2025-04-29,2025-05-14,15D,,코스닥,nan,,
364950,에이아이코리아,에이아이코리아,2025-04-29,2025-05-29,1M,,코스닥,nan,,
364950,에이아이코리아,에이아이코리아,2025-04-29,2025-07-29,3M,,코스닥,nan,,
364950,에이아이코리아,에이아이코리아,2025-04-29,2025-10-29,6M,,코스닥,nan,,
364950,에이아이코리아,에이아이코리아,2025-04-29,2026-04-29,1Y,,코스닥,nan,,
459510,나우로보틱스,나우로보틱스,2025-05-08,2025-05-23,15D,6800.0,코스닥,"대신증권(주),iM증권",,38
459510,나우로보틱스,나우로보틱스,2025-05-08,2025-06-08,1M,6800.0,코스닥,"대신증권(주),iM증권",,38
459510,나우로보틱스,나우로보틱스,2025-05-08,2025-08-08,3M,6800.0,코스닥,"대신증권(주),iM증권",,38
459510,나우로보틱스,나우로보틱스,2025-05-08,2025-11-08,6M,6800.0,코스닥,"대신증권(주),iM증권",,38
459510,나우로보틱스,나우로보틱스,2025-05-08,2026-05-08,1Y,6800.0,코스닥,"대신증권(주),iM증권",,38
476040,오가노이드사이언스,오가노이드사이언스,2025-05-09,2025-05-24,15D,21000.0,코스닥,한국투자증권(주),,38
476040,오가노이드사이언스,오가노이드사이언스,2025-05-09,2025-06-09,1M,21000.0,코스닥,한국투자증권(주),,38
476040,오가노이드사이언스,오가노이드사이언스,2025-05-09,2025-08-09,3M,21000.0,코스닥,한국투자증권(주),,38
476040,오가노이드사이언스,오가노이드사이언스,2025-05-09,2025-11-09,6M,21000.0,코스닥,한국투자증권(주),,38
476040,오가노이드사이언스,오가노이드사이언스,2025-05-09,2026-05-09,1Y,21000.0,코스닥,한국투자증권(주),,38
136150,원일티엔아이,원일티엔아이,2025-05-09,2025-05-24,15D,13500.0,코스닥,엔에이치투자증권(주),,38
136150,원일티엔아이,원일티엔아이,2025-05-09,2025-06-09,1M,13500.0,코스닥,엔에이치투자증권(주),,38
136150,원일티엔아이,원일티엔아이,2025-05-09,2025-08-09,3M,13500.0,코스닥,엔에이치투자증권(주),,38
136150,원일티엔아이,원일티엔아이,2025-05-09,2025-11-09,6M,13500.0,코스닥,엔에이치투자증권(주),,38
136150,원일티엔아이,원일티엔아이,2025-05-09,2026-05-09,1Y,13500.0,코스닥,엔에이치투자증권(주),,38
376900,로킷헬스케어,로킷헬스케어,2025-05-12,2025-05-27,15D,11000.0,코스닥,SK증권(주),,38
376900,로킷헬스케어,로킷헬스케어,2025-05-12,2025-06-12,1M,11000.0,코스닥,SK증권(주),,38
376900,로킷헬스케어,로킷헬스케어,2025-05-12,2025-08-12,3M,11000.0,코스닥,SK증권(주),,38
376900,로킷헬스케어,로킷헬스케어,2025-05-12,2025-11-12,6M,11000.0,코스닥,SK증권(주),,38
376900,로킷헬스케어,로킷헬스케어,2025-05-12,2026-05-12,1Y,11000.0,코스닥,SK증권(주),,38
125020,티씨머티리얼즈,티씨머티리얼즈,2025-05-15,2025-05-30,15D,,코스닥,nan,,
125020,티씨머티리얼즈,티씨머티리얼즈,2025-05-15,2025-06-15,1M,,코스닥,nan,,
125020,티씨머티리얼즈,티씨머티리얼즈,2025-05-15,2025-08-15,3M,,코스닥,nan,,
125020,티씨머티리얼즈,티씨머티리얼즈,2025-05-15,2025-11-15,6M,,코스닥,nan,,
125020,티씨머티리얼즈,티씨머티리얼즈,2025-05-15,2026-05-15,1Y,,코스닥,nan,,
188040,바이오포트,바이오포트,2025-05-16,2025-05-31,15D,,코스닥,nan,,
188040,바이오포트,바이오포트,2025-05-16,2025-06-16,1M,,코스닥,nan,,
188040,바이오포트,바이오포트,2025-05-16,2025-08-16,3M,,코스닥,nan,,
188040,바이오포트,바이오포트,2025-05-16,2025-11-16,6M,,코스닥,nan,,
188040,바이오포트,바이오포트,2025-05-16,2026-05-16,1Y,,코스닥,nan,,
424870,이뮨온시아,이뮨온시아,2025-05-19,2025-06-03,15D,3600.0,코스닥,한국투자증권(주),,38
424870,이뮨온시아,이뮨온시아,2025-05-19,2025-06-19,1M,3600.0,코스닥,한국투자증권(주),,38
424870,이뮨온시아,이뮨온시아,2025-05-19,2025-08-19,3M,3600.0,코스닥,한국투자증권(주),,38
424870,이뮨온시아,이뮨온시아,2025-05-19,2025-11-19,6M,3600.0,코스닥,한국투자증권(주),,38
424870,이뮨온시아,이뮨온시아,2025-05-19,2026-05-19,1Y,3600.0,코스닥,한국투자증권(주),,38
489460,바이오비쥬,바이오비쥬,2025-05-20,2025-06-04,15D,9100.0,코스닥,대신증권(주),,38
489460,바이오비쥬,바이오비쥬,2025-05-20,2025-06-20,1M,9100.0,코스닥,대신증권(주),,38
489460,바이오비쥬,바이오비쥬,2025-05-20,2025-08-20,3M,9100.0,코스닥,대신증권(주),,38
489460,바이오비쥬,바이오비쥬,2025-05-20,2025-11-20,6M,9100.0,코스닥,대신증권(주),,38
489460,바이오비쥬,바이오비쥬,2025-05-20,2026-05-20,1Y,9100.0,코스닥,대신증권(주),,38
483650,달바글로벌,달바글로벌,2025-05-22,2025-06-06,15D,66300.0,유가,미래에셋증권 주식회사,,38
483650,달바글로벌,달바글로벌,2025-05-22,2025-06-22,1M,66300.0,유가,미래에셋증권 주식회사,,38
483650,달바글로벌,달바글로벌,2025-05-22,2025-08-22,3M,66300.0,유가,미래에셋증권 주식회사,,38
483650,달바글로벌,달바글로벌,2025-05-22,2025-11-22,6M,66300.0,유가,미래에셋증권 주식회사,,38
483650,달바글로벌,달바글로벌,2025-05-22,2026-05-22,1Y,66300.0,유가,미래에셋증권 주식회사,,38
287840,인투셀,인투셀,2025-05-23,2025-06-07,15D,17000.0,코스닥,미래에셋증권 주식회사,,38
287840,인투셀,인투셀,2025-05-23,2025-06-23,1M,17000.0,코스닥,미래에셋증권 주식회사,,38
287840,인투셀,인투셀,2025-05-23,2025-08-23,3M,17000.0,코스닥,미래에셋증권 주식회사,,38
287840,인투셀,인투셀,2025-05-23,2025-11-23,6M,17000.0,코스닥,미래에셋증권 주식회사,,38
287840,인투셀,인투셀,2025-05-23,2026-05-23,1Y,17000.0,코스닥,미래에셋증권 주식회사,,38
475430,키스트론,키스트론,2025-06-02,2025-06-17,15D,3600.0,코스닥,신한투자증권 주식회사,,38
475430,키스트론,키스트론,2025-06-02,2025-07-02,1M,3600.0,코스닥,신한투자증권 주식회사,,38
475430,키스트론,키스트론,2025-06-02,2025-09-02,3M,3600.0,코스닥,신한투자증권 주식회사,,38
475430,키스트론,키스트론,2025-06-02,2025-12-02,6M,3600.0,코스닥,신한투자증권 주식회사,,38
475430,키스트론,키스트론,2025-06-02,2026-06-02,1Y,3600.0,코스닥,신한투자증권 주식회사,,38
474650,링크솔루션,링크솔루션,2025-06-10,2025-06-25,15D,23000.0,코스닥,신영증권(주),,38
474650,링크솔루션,링크솔루션,2025-06-10,2025-07-10,1M,23000.0,코스닥,신영증권(주),,38
474650,링크솔루션,링크솔루션,2025-06-10,2025-09-10,3M,23000.0,코스닥,신영증권(주),,38
474650,링크솔루션,링크솔루션,2025-06-10,2025-12-10,6M,23000.0,코스닥,신영증권(주),,38
474650,링크솔루션,링크솔루션,2025-06-10,2026-06-10,1Y,23000.0,코스닥,신영증권(주),,38
340450,지씨지놈,지씨지놈,2025-06-11,2025-06-26,15D,10500.0,코스닥,삼성증권(주),,kind
340450,지씨지놈,지씨지놈,2025-06-11,2025-07-11,1M,10500.0,코스닥,삼성증권(주),,kind
340450,지씨지놈,지씨지놈,2025-06-11,2025-09-11,3M,10500.0,코스닥,삼성증권(주),,kind
340450,지씨지놈,지씨지놈,2025-06-11,2025-12-11,6M,10500.0,코스닥,삼성증권(주),,kind
340450,지씨지놈,지씨지놈,2025-06-11,2026-06-11,1Y,10500.0,코스닥,삼성증권(주),,kind
455180,케이지에이,케이지에이,2025-06-17,2025-07-02,15D,,코스닥,nan,,
455180,케이지에이,케이지에이,2025-06-17,2025-07-17,1M,,코스닥,nan,,
455180,케이지에이,케이지에이,2025-06-17,2025-09-17,3M,,코스닥,nan,,
455180,케이지에이,케이지에이,2025-06-17,2025-12-17,6M,,코스닥,nan,,
455180,케이지에이,케이지에이,2025-06-17,2026-06-17,1Y,,코스닥,nan,,
388610,지에프씨생명과학,지에프씨생명과학,2025-06-30,2025-07-15,15D,15300.0,코스닥,대신증권(주),,38
388610,지에프씨생명과학,지에프씨생명과학,2025-06-30,2025-07-30,1M,15300.0,코스닥,대신증권(주),,38
388610,지에프씨생명과학,지에프씨생명과학,2025-06-30,2025-09-30,3M,15300.0,코스닥,대신증권(주),,38
388610,지에프씨생명과학,지에프씨생명과학,2025-06-30,2025-12-30,6M,15300.0,코스닥,대신증권(주),,38
388610,지에프씨생명과학,지에프씨생명과학,2025-06-30,2026-06-30,1Y,15300.0,코스닥,대신증권(주),,38
463020,뉴엔AI,뉴엔ai,2025-07-04,2025-07-19,15D,15000.0,코스닥,엔에이치투자증권(주),,kind
463020,뉴엔AI,뉴엔ai,2025-07-04,2025-08-04,1M,15000.0,코스닥,엔에이치투자증권(주),,kind
463020,뉴엔AI,뉴엔ai,2025-07-04,2025-10-04,3M,15000.0,코스닥,엔에이치투자증권(주),,kind
463020,뉴엔AI,뉴엔ai,2025-07-04,2026-01-04,6M,15000.0,코스닥,엔에이치투자증권(주),,kind
463020,뉴엔AI,뉴엔ai,2025-07-04,2026-07-04,1Y,15000.0,코스닥,엔에이치투자증권(주),,kind
234030,싸이닉솔루션,싸이닉솔루션,2025-07-07,2025-07-22,15D,4700.0,코스닥,대신증권(주),,38
234030,싸이닉솔루션,싸이닉솔루션,2025-07-07,2025-08-07,1M,4700.0,코스닥,대신증권(주),,38
234030,싸이닉솔루션,싸이닉솔루션,2025-07-07,2025-10-07,3M,4700.0,코스닥,대신증권(주),,38
234030,싸이닉솔루션,싸이닉솔루션,2025-07-07,2026-01-07,6M,4700.0,코스닥,대신증권(주),,38
234030,싸이닉솔루션,싸이닉솔루션,2025-07-07,2026-07-07,1Y,4700.0,코스닥,대신증권(주),,38
462310,뉴키즈온,뉴키즈온,2025-07-09,2025-07-24,15D,,코스닥,nan,,
462310,뉴키즈온,뉴키즈온,2025-07-09,2025-08-09,1M,,코스닥,nan,,
462310,뉴키즈온,뉴키즈온,2025-07-09,2025-10-09,3M,,코스닥,nan,,
462310,뉴키즈온,뉴키즈온,2025-07-09,2026-01-09,6M,,코스닥,nan,,
462310,뉴키즈온,뉴키즈온,2025-07-09,2026-07-09,1Y,,코스닥,nan,,
000030,대신밸류리츠,대신밸류리츠,2025-07-10,2025-07-25,15D,5000.0,유가,"한국투자증권(주),대신증권(주)",,38
000030,대신밸류리츠,대신밸류리츠,2025-07-10,2025-08-10,1M,5000.0,유가,"한국투자증권(주),대신증권(주)",,38
000030,대신밸류리츠,대신밸류리츠,2025-07-10,2025-10-10,3M,5000.0,유가,"한국투자증권(주),대신증권(주)",,38
000030,대신밸류리츠,대신밸류리츠,2025-07-10,2026-01-10,6M,5000.0,유가,"한국투자증권(주),대신증권(주)",,38
000030,대신밸류리츠,대신밸류리츠,2025-07-10,2026-07-10,1Y,5000.0,유가,"한국투자증권(주),대신증권(주)",,38
331740,아우토크립트,아우토크립트,2025-07-15,2025-07-30,15D,22000.0,코스닥,대신증권(주),,38
331740,아우토크립트,아우토크립트,2025-07-15,2025-08-15,1M,22000.0,코스닥,대신증권(주),,38
331740,아우토크립트,아우토크립트,2025-07-15,2025-10-15,3M,22000.0,코스닥,대신증권(주),,38
331740,아우토크립트,아우토크립트,2025-07-15,2026-01-15,6M,22000.0,코스닥,대신증권(주),,38
331740,아우토크립트,아우토크립트,2025-07-15,2026-07-15,1Y,22000.0,코스닥,대신증권(주),,38
484120,도우인시스,도우인시스,2025-07-23,2025-08-07,15D,32000.0,코스닥,키움증권(주),,38
484120,도우인시스,도우인시스,2025-07-23,2025-08-23,1M,32000.0,코스닥,키움증권(주),,38
484120,도우인시스,도우인시스,2025-07-23,2025-10-23,3M,32000.0,코스닥,키움증권(주),,38
484120,도우인시스,도우인시스,2025-07-23,2026-01-23,6M,32000.0,코스닥,키움증권(주),,38
484120,도우인시스,도우인시스,2025-07-23,2026-07-23,1Y,32000.0,코스닥,키움증권(주),,38
380550,뉴로핏,뉴로핏,2025-07-25,2025-08-09,15D,14000.0,코스닥,미래에셋증권 주식회사,,38
380550,뉴로핏,뉴로핏,2025-07-25,2025-08-25,1M,14000.0,코스닥,미래에셋증권 주식회사,,38
380550,뉴로핏,뉴로핏,2025-07-25,2025-10-25,3M,14000.0,코스닥,미래에셋증권 주식회사,,38
380550,뉴로핏,뉴로핏,2025-07-25,2026-01-25,6M,14000.0,코스닥,미래에셋증권 주식회사,,38
380550,뉴로핏,뉴로핏,2025-07-25,2026-07-25,1Y,14000.0,코스닥,미래에셋증권 주식회사,,38
475230,엔알비,엔알비,2025-07-28,2025-08-12,15D,21000.0,코스닥,엔에이치투자증권(주),,38
475230,엔알비,엔알비,2025-07-28,2025-08-28,1M,21000.0,코스닥,엔에이치투자증권(주),,38
475230,엔알비,엔알비,2025-07-28,2025-10-28,3M,21000.0,코스닥,엔에이치투자증권(주),,38
475230,엔알비,엔알비,2025-07-28,2026-01-28,6M,21000.0,코스닥,엔에이치투자증권(주),,38
475230,엔알비,엔알비,2025-07-28,2026-07-28,1Y,21000.0,코스닥,엔에이치투자증권(주),,38
468530,프로티나,프로티나,2025-07-29,2025-08-13,15D,14000.0,코스닥,한국투자증권(주),,38
468530,프로티나,프로티나,2025-07-29,2025-08-29,1M,14000.0,코스닥,한국투자증권(주),,38
468530,프로티나,프로티나,2025-07-29,2025-10-29,3M,14000.0,코스닥,한국투자증권(주),,38
468530,프로티나,프로티나,2025-07-29,2026-01-29,6M,14000.0,코스닥,한국투자증권(주),,38
468530,프로티나,프로티나,2025-07-29,2026-07-29,1Y,14000.0,코스닥,한국투자증권(주),,38
439260,대한조선,대한조선,2025-08-01,2025-08-16,15D,50000.0,유가,"신영증권(주),KB증권(주),엔에이치투자증권(주)",,38
439260,대한조선,대한조선,2025-08-01,2025-09-01,1M,50000.0,유가,"신영증권(주),KB증권(주),엔에이치투자증권(주)",,38
439260,대한조선,대한조선,2025-08-01,2025-11-01,3M,50000.0,유가,"신영증권(주),KB증권(주),엔에이치투자증권(주)",,38
439260,대한조선,대한조선,2025-08-01,2026-02-01,6M,50000.0,유가,"신영증권(주),KB증권(주),엔에이치투자증권(주)",,38
439260,대한조선,대한조선,2025-08-01,2026-08-01,1Y,50000.0,유가,"신영증권(주),KB증권(주),엔에이치투자증권(주)",,38
309710,아이티켐,아이티켐,2025-08-07,2025-08-22,15D,16100.0,코스닥,KB증권(주),,38
309710,아이티켐,아이티켐,2025-08-07,2025-09-07,1M,16100.0,코스닥,KB증권(주),,38
309710,아이티켐,아이티켐,2025-08-07,2025-11-07,3M,16100.0,코스닥,KB증권(주),,38
309710,아이티켐,아이티켐,2025-08-07,2026-02-07,6M,16100.0,코스닥,KB증권(주),,38
309710,아이티켐,아이티켐,2025-08-07,2026-08-07,1Y,16100.0,코스닥,KB증권(주),,38
456160,지투지바이오,지투지바이오,2025-08-14,2025-08-29,15D,58000.0,코스닥,미래에셋증권 주식회사,,38
456160,지투지바이오,지투지바이오,2025-08-14,2025-09-14,1M,58000.0,코스닥,미래에셋증권 주식회사,,38
456160,지투지바이오,지투지바이오,2025-08-14,2025-11-14,3M,58000.0,코스닥,미래에셋증권 주식회사,,38
456160,지투지바이오,지투지바이오,2025-08-14,2026-02-14,6M,58000.0,코스닥,미래에셋증권 주식회사,,38
456160,지투지바이오,지투지바이오,2025-08-14,2026-08-14,1Y,58000.0,코스닥,미래에셋증권 주식회사,,38
484590,삼양컴텍,삼양컴텍,2025-08-18,2025-09-02,15D,7700.0,코스닥,"신한투자증권 주식회사,엔에이치투자증권(주)",,38
484590,삼양컴텍,삼양컴텍,2025-08-18,2025-09-18,1M,7700.0,코스닥,"신한투자증권 주식회사,엔에이치투자증권(주)",,38
484590,삼양컴텍,삼양컴텍,2025-08-18,2025-11-18,3M,7700.0,코스닥,"신한투자증권 주식회사,엔에이치투자증권(주)",,38
484590,삼양컴텍,삼양컴텍,2025-08-18,2026-02-18,6M,7700.0,코스닥,"신한투자증권 주식회사,엔에이치투자증권(주)",,38
484590,삼양컴텍,삼양컴텍,2025-08-18,2026-08-18,1Y,7700.0,코스닥,"신한투자증권 주식회사,엔에이치투자증권(주)",,38
000008,에스엔시스,에스엔시스,2025-08-19,2025-09-03,15D,30000.0,코스닥,신한투자증권 주식회사,,38
000008,에스엔시스,에스엔시스,2025-08-19,2025-09-19,1M,30000.0,코스닥,신한투자증권 주식회사,,38
000008,에스엔시스,에스엔시스,2025-08-19,2025-11-19,3M,30000.0,코스닥,신한투자증권 주식회사,,38
000008,에스엔시스,에스엔시스,2025-08-19,2026-02-19,6M,30000.0,코스닥,신한투자증권 주식회사,,38
000008,에스엔시스,에스엔시스,2025-08-19,2026-08-19,1Y,30000.0,코스닥,신한투자증권 주식회사,,38
125490,한라캐스트,한라캐스트,2025-08-20,2025-09-04,15D,5800.0,코스닥,대신증권(주),,38
125490,한라캐스트,한라캐스트,2025-08-20,2025-09-20,1M,5800.0,코스닥,대신증권(주),,38
125490,한라캐스트,한라캐스트,2025-08-20,2025-11-20,3M,5800.0,코스닥,대신증권(주),,38
125490,한라캐스트,한라캐스트,2025-08-20,2026-02-20,6M,5800.0,코스닥,대신증권(주),,38
125490,한라캐스트,한라캐스트,2025-08-20,2026-08-20,1Y,5800.0,코스닥,대신증권(주),,38
000010,제이피아이헬스케어,제이피아이헬스케어,2025-08-21,2025-09-05,15D,20000.0,코스닥,키움증권(주),,38
000010,제이피아이헬스케어,제이피아이헬스케어,2025-08-21,2025-09-21,1M,20000.0,코스닥,키움증권(주),,38
000010,제이피아이헬스케어,제이피아이헬스케어,2025-08-21,2025-11-21,3M,20000.0,코스닥,키움증권(주),,38
000010,제이피아이헬스케어,제이피아이헬스케어,2025-08-21,2026-02-21,6M,20000.0,코스닥,키움증권(주),,38
000010,제이피아이헬스케어,제이피아이헬스케어,2025-08-21,2026-08-21,1Y,20000.0,코스닥,키움증권(주),,38
397810,애드포러스,애드포러스,2025-08-22,2025-09-06,15D,,코스닥,nan,,
397810,애드포러스,애드포러스,2025-08-22,2025-09-22,1M,,코스닥,nan,,
397810,애드포러스,애드포러스,2025-08-22,2025-11-22,3M,,코스닥,nan,,
397810,애드포러스,애드포러스,2025-08-22,2026-02-22,6M,,코스닥,nan,,
397810,애드포러스,애드포러스,2025-08-22,2026-08-22,1Y,,코스닥,nan,,
318060,그래피,그래피,2025-08-25,2025-09-09,15D,15000.0,코스닥,"신한투자증권 주식회사,KB증권(주)",,38
318060,그래피,그래피,2025-08-25,2025-09-25,1M,15000.0,코스닥,"신한투자증권 주식회사,KB증권(주)",,38
318060,그래피,그래피,2025-08-25,2025-11-25,3M,15000.0,코스닥,"신한투자증권 주식회사,KB증권(주)",,38
318060,그래피,그래피,2025-08-25,2026-02-25,6M,15000.0,코스닥,"신한투자증권 주식회사,KB증권(주)",,38
318060,그래피,그래피,2025-08-25,2026-08-25,1Y,15000.0,코스닥,"신한투자증권 주식회사,KB증권(주)",,38
496320,본시스템즈,본시스템즈,2025-09-08,2025-09-23,15D,,코넥스,아이비케이투자증권(주),,
496320,본시스템즈,본시스템즈,2025-09-08,2025-10-08,1M,,코넥스,아이비케이투자증권(주),,
496320,본시스템즈,본시스템즈,2025-09-08,2025-12-08,3M,,코넥스,아이비케이투자증권(주),,
496320,본시스템즈,본시스템즈,2025-09-08,2026-03-08,6M,,코넥스,아이비케이투자증권(주),,
496320,본시스템즈,본시스템즈,2025-09-08,2026-09-08,1Y,,코넥스,아이비케이투자증권(주),,
342870,오아,오아,2025-09-09,2025-09-24,15D,,코스닥,nan,,
342870,오아,오아,2025-09-09,2025-10-09,1M,,코스닥,nan,,
342870,오아,오아,2025-09-09,2025-12-09,3M,,코스닥,nan,,
342870,오아,오아,2025-09-09,2026-03-09,6M,,코스닥,nan,,
342870,오아,오아,2025-09-09,2026-09-09,1Y,,코스닥,nan,,
488280,에스투더블유,에스투더블유,2025-09-19,2025-10-04,15D,13200.0,코스닥,대신증권(주),,38
488280,에스투더블유,에스투더블유,2025-09-19,2025-10-19,1M,13200.0,코스닥,대신증권(주),,38
488280,에스투더블유,에스투더블유,2025-09-19,2025-12-19,3M,13200.0,코스닥,대신증권(주),,38
488280,에스투더블유,에스투더블유,2025-09-19,2026-03-19,6M,13200.0,코스닥,대신증권(주),,38
488280,에스투더블유,에스투더블유,2025-09-19,2026-09-19,1Y,13200.0,코스닥,대신증권(주),,38
317450,명인제약,명인제약,2025-10-01,2025-10-16,15D,58000.0,유가,KB증권(주),,38
317450,명인제약,명인제약,2025-10-01,2025-11-01,1M,58000.0,유가,KB증권(주),,38
317450,명인제약,명인제약,2025-10-01,2026-01-01,3M,58000.0,유가,KB증권(주),,38
317450,명인제약,명인제약,2025-10-01,2026-04-01,6M,58000.0,유가,KB증권(주),,38
317450,명인제약,명인제약,2025-10-01,2026-10-01,1Y,58000.0,유가,KB증권(주),,38
014950,삼익제약,삼익제약,2025-10-27,2025-11-11,15D,,코스닥,nan,,
014950,삼익제약,삼익제약,2025-10-27,2025-11-27,1M,,코스닥,nan,,
014950,삼익제약,삼익제약,2025-10-27,2026-01-27,3M,,코스닥,nan,,
014950,삼익제약,삼익제약,2025-10-27,2026-04-27,6M,,코스닥,nan,,
014950,삼익제약,삼익제약,2025-10-27,2026-10-27,1Y,,코스닥,nan,,
486990,노타,노타,2025-11-03,2025-11-18,15D,9100.0,코스닥,미래에셋증권 주식회사,,38
486990,노타,노타,2025-11-03,2025-12-03,1M,9100.0,코스닥,미래에셋증권 주식회사,,38
486990,노타,노타,2025-11-03,2026-02-03,3M,9100.0,코스닥,미래에셋증권 주식회사,,38
486990,노타,노타,2025-11-03,2026-05-03,6M,9100.0,코스닥,미래에셋증권 주식회사,,38
486990,노타,노타,2025-11-03,2026-11-03,1Y,9100.0,코스닥,미래에셋증권 주식회사,,38
469610,이노테크,이노테크,2025-11-07,2025-11-22,15D,14700.0,코스닥,KB증권(주),,38
469610,이노테크,이노테크,2025-11-07,2025-12-07,1M,14700.0,코스닥,KB증권(주),,38
469610,이노테크,이노테크,2025-11-07,2026-02-07,3M,14700.0,코스닥,KB증권(주),,38
469610,이노테크,이노테크,2025-11-07,2026-05-07,6M,14700.0,코스닥,KB증권(주),,38
469610,이노테크,이노테크,2025-11-07,2026-11-07,1Y,14700.0,코스닥,KB증권(주),,38
494120,큐리오시스,큐리오시스,2025-11-13,2025-11-28,15D,22000.0,코스닥,키움증권(주),,38
494120,큐리오시스,큐리오시스,2025-11-13,2025-12-13,1M,22000.0,코스닥,키움증권(주),,38
494120,큐리오시스,큐리오시스,2025-11-13,2026-02-13,3M,22000.0,코스닥,키움증권(주),,38
494120,큐리오시스,큐리오시스,2025-11-13,2026-05-13,6M,22000.0,코스닥,키움증권(주),,38
494120,큐리오시스,큐리오시스,2025-11-13,2026-11-13,1Y,22000.0,코스닥,키움증권(주),,38
061090,세나테크놀로지,세나테크놀로지,2025-11-14,2025-11-29,15D,56800.0,코스닥,"신한투자증권 주식회사,KB증권(주)",,38
061090,세나테크놀로지,세나테크놀로지,2025-11-14,2025-12-14,1M,56800.0,코스닥,"신한투자증권 주식회사,KB증권(주)",,38
061090,세나테크놀로지,세나테크놀로지,2025-11-14,2026-02-14,3M,56800.0,코스닥,"신한투자증권 주식회사,KB증권(주)",,38
061090,세나테크놀로지,세나테크놀로지,2025-11-14,2026-05-14,6M,56800.0,코스닥,"신한투자증권 주식회사,KB증권(주)",,38
061090,세나테크놀로지,세나테크놀로지,2025-11-14,2026-11-14,1Y,56800.0,코스닥,"신한투자증권 주식회사,KB증권(주)",,38
000015,그린광학,그린광학,2025-11-17,2025-12-02,15D,16000.0,코스닥,신영증권(주),,38
000015,그린광학,그린광학,2025-11-17,2025-12-17,1M,16000.0,코스닥,신영증권(주),,38
000015,그린광학,그린광학,2025-11-17,2026-02-17,3M,16000.0,코스닥,신영증권(주),,38
000015,그린광학,그린광학,2025-11-17,2026-05-17,6M,16000.0,코스닥,신영증권(주),,38
000015,그린광학,그린광학,2025-11-17,2026-11-17,1Y,16000.0,코스닥,신영증권(주),,38
459550,알트,알트,2025-11-17,2025-12-02,15D,,코스닥,nan,,
459550,알트,알트,2025-11-17,2025-12-17,1M,,코스닥,nan,,
459550,알트,알트,2025-11-17,2026-02-17,3M,,코스닥,nan,,
459550,알트,알트,2025-11-17,2026-05-17,6M,,코스닥,nan,,
459550,알트,알트,2025-11-17,2026-11-17,1Y,,코스닥,nan,,
403850,더핑크퐁컴퍼니,더핑크퐁컴퍼니,2025-11-18,2025-12-03,15D,38000.0,코스닥,"미래에셋증권 주식회사,삼성증권(주)",,38
403850,더핑크퐁컴퍼니,더핑크퐁컴퍼니,2025-11-18,2025-12-18,1M,38000.0,코스닥,"미래에셋증권 주식회사,삼성증권(주)",,38
403850,더핑크퐁컴퍼니,더핑크퐁컴퍼니,2025-11-18,2026-02-18,3M,38000.0,코스닥,"미래에셋증권 주식회사,삼성증권(주)",,38
403850,더핑크퐁컴퍼니,더핑크퐁컴퍼니,2025-11-18,2026-05-18,6M,38000.0,코스닥,"미래에셋증권 주식회사,삼성증권(주)",,38
403850,더핑크퐁컴퍼니,더핑크퐁컴퍼니,2025-11-18,2026-11-18,1Y,38000.0,코스닥,"미래에셋증권 주식회사,삼성증권(주)",,38
403810,아이엘로보틱스,아이엘로보틱스,2025-11-18,2025-12-03,15D,,코넥스,nan,,
403810,아이엘로보틱스,아이엘로보틱스,2025-11-18,2025-12-18,1M,,코넥스,nan,,
403810,아이엘로보틱스,아이엘로보틱스,2025-11-18,2026-02-18,3M,,코넥스,nan,,
403810,아이엘로보틱스,아이엘로보틱스,2025-11-18,2026-05-18,6M,,코넥스,nan,,
403810,아이엘로보틱스,아이엘로보틱스,2025-11-18,2026-11-18,1Y,,코넥스,nan,,
388210,씨엠티엑스,씨엠티엑스,2025-11-20,2025-12-05,15D,60500.0,코스닥,미래에셋증권 주식회사,,38
388210,씨엠티엑스,씨엠티엑스,2025-11-20,2025-12-20,1M,60500.0,코스닥,미래에셋증권 주식회사,,38
388210,씨엠티엑스,씨엠티엑스,2025-11-20,2026-02-20,3M,60500.0,코스닥,미래에셋증권 주식회사,,38
388210,씨엠티엑스,씨엠티엑스,2025-11-20,2026-05-20,6M,60500.0,코스닥,미래에셋증권 주식회사,,38
388210,씨엠티엑스,씨엠티엑스,2025-11-20,2026-11-20,1Y,60500.0,코스닥,미래에셋증권 주식회사,,38
488900,비츠로넥스텍,비츠로넥스텍,2025-11-21,2025-12-06,15D,6900.0,코스닥,엔에이치투자증권(주),,38
488900,비츠로넥스텍,비츠로넥스텍,2025-11-21,2025-12-21,1M,6900.0,코스닥,엔에이치투자증권(주),,38
488900,비츠로넥스텍,비츠로넥스텍,2025-11-21,2026-02-21,3M,6900.0,코스닥,엔에이치투자증권(주),,38
488900,비츠로넥스텍,비츠로넥스텍,2025-11-21,2026-05-21,6M,6900.0,코스닥,엔에이치투자증권(주),,38
488900,비츠로넥스텍,비츠로넥스텍,2025-11-21,2026-11-21,1Y,6900.0,코스닥,엔에이치투자증권(주),,38
000126,삼성에피스홀딩스,삼성에피스홀딩스,2025-11-24,2025-12-09,15D,,유가,엔에이치투자증권(주),,
000126,삼성에피스홀딩스,삼성에피스홀딩스,2025-11-24,2025-12-24,1M,,유가,엔에이치투자증권(주),,
000126,삼성에피스홀딩스,삼성에피스홀딩스,2025-11-24,2026-02-24,3M,,유가,엔에이치투자증권(주),,
000126,삼성에피스홀딩스,삼성에피스홀딩스,2025-11-24,2026-05-24,6M,,유가,엔에이치투자증권(주),,
000126,삼성에피스홀딩스,삼성에피스홀딩스,2025-11-24,2026-11-24,1Y,,유가,엔에이치투자증권(주),,
000120,삼양바이오팜,삼양바이오팜,2025-11-24,2025-12-09,15D,,유가,KB증권(주),,
000120,삼양바이오팜,삼양바이오팜,2025-11-24,2025-12-24,1M,,유가,KB증권(주),,
000120,삼양바이오팜,삼양바이오팜,2025-11-24,2026-02-24,3M,,유가,KB증권(주),,
000120,삼양바이오팜,삼양바이오팜,2025-11-24,2026-05-24,6M,,유가,KB증권(주),,
000120,삼양바이오팜,삼양바이오팜,2025-11-24,2026-11-24,1Y,,유가,KB증권(주),,
000015,아로마티카,아로마티카,2025-11-27,2025-12-12,15D,8000.0,코스닥,신한투자증권 주식회사,,38
000015,아로마티카,아로마티카,2025-11-27,2025-12-27,1M,8000.0,코스닥,신한투자증권 주식회사,,38
000015,아로마티카,아로마티카,2025-11-27,2026-02-27,3M,8000.0,코스닥,신한투자증권 주식회사,,38
000015,아로마티카,아로마티카,2025-11-27,2026-05-27,6M,8000.0,코스닥,신한투자증권 주식회사,,38
000015,아로마티카,아로마티카,2025-11-27,2026-11-27,1Y,8000.0,코스닥,신한투자증권 주식회사,,38
000009,에임드바이오,에임드바이오,2025-12-04,2025-12-19,15D,11000.0,코스닥,미래에셋증권 주식회사,,38
000009,에임드바이오,에임드바이오,2025-12-04,2026-01-04,1M,11000.0,코스닥,미래에셋증권 주식회사,,38
000009,에임드바이오,에임드바이오,2025-12-04,2026-03-04,3M,11000.0,코스닥,미래에셋증권 주식회사,,38
000009,에임드바이오,에임드바이오,2025-12-04,2026-06-04,6M,11000.0,코스닥,미래에셋증권 주식회사,,38
000009,에임드바이오,에임드바이오,2025-12-04,2026-12-04,1Y,11000.0,코스닥,미래에셋증권 주식회사,,38
950250,테라뷰,테라뷰,2025-12-09,2025-12-24,15D,8000.0,코스닥,삼성증권(주),,kind
950250,테라뷰,테라뷰,2025-12-09,2026-01-09,1M,8000.0,코스닥,삼성증권(주),,kind
950250,테라뷰,테라뷰,2025-12-09,2026-03-09,3M,8000.0,코스닥,삼성증권(주),,kind
950250,테라뷰,테라뷰,2025-12-09,2026-06-09,6M,8000.0,코스닥,삼성증권(주),,kind
950250,테라뷰,테라뷰,2025-12-09,2026-12-09,1Y,8000.0,코스닥,삼성증권(주),,kind
000015,페스카로,페스카로,2025-12-10,2025-12-25,15D,15500.0,코스닥,"엔에이치투자증권(주),한화투자증권(주)",,38
000015,페스카로,페스카로,2025-12-10,2026-01-10,1M,15500.0,코스닥,"엔에이치투자증권(주),한화투자증권(주)",,38
000015,페스카로,페스카로,2025-12-10,2026-03-10,3M,15500.0,코스닥,"엔에이치투자증권(주),한화투자증권(주)",,38
000015,페스카로,페스카로,2025-12-10,2026-06-10,6M,15500.0,코스닥,"엔에이치투자증권(주),한화투자증권(주)",,38
000015,페스카로,페스카로,2025-12-10,2026-12-10,1Y,15500.0,코스닥,"엔에이치투자증권(주),한화투자증권(주)",,38
261520,이지스,이지스,2025-12-11,2025-12-26,15D,15000.0,코스닥,엔에이치투자증권(주),,38
261520,이지스,이지스,2025-12-11,2026-01-11,1M,15000.0,코스닥,엔에이치투자증권(주),,38
261520,이지스,이지스,2025-12-11,2026-03-11,3M,15000.0,코스닥,엔에이치투자증권(주),,38
261520,이지스,이지스,2025-12-11,2026-06-11,6M,15000.0,코스닥,엔에이치투자증권(주),,38
261520,이지스,이지스,2025-12-11,2026-12-11,1Y,15000.0,코스닥,엔에이치투자증권(주),,38
464490,쿼드메디슨,쿼드메디슨,2025-12-12,2025-12-27,15D,15000.0,코스닥,엔에이치투자증권(주),,38
464490,쿼드메디슨,쿼드메디슨,2025-12-12,2026-01-12,1M,15000.0,코스닥,엔에이치투자증권(주),,38
464490,쿼드메디슨,쿼드메디슨,2025-12-12,2026-03-12,3M,15000.0,코스닥,엔에이치투자증권(주),,38
464490,쿼드메디슨,쿼드메디슨,2025-12-12,2026-06-12,6M,15000.0,코스닥,엔에이치투자증권(주),,38
464490,쿼드메디슨,쿼드메디슨,2025-12-12,2026-12-12,1Y,15000.0,코스닥,엔에이치투자증권(주),,38
217590,티엠씨,티엠씨,2025-12-15,2025-12-30,15D,9300.0,유가,미래에셋증권 주식회사,,38
217590,티엠씨,티엠씨,2025-12-15,2026-01-15,1M,9300.0,유가,미래에셋증권 주식회사,,38
217590,티엠씨,티엠씨,2025-12-15,2026-03-15,3M,9300.0,유가,미래에셋증권 주식회사,,38
217590,티엠씨,티엠씨,2025-12-15,2026-06-15,6M,9300.0,유가,미래에셋증권 주식회사,,38
217590,티엠씨,티엠씨,2025-12-15,2026-12-15,1Y,9300.0,유가,미래에셋증권 주식회사,,38
000007,아크릴,아크릴,2025-12-16,2025-12-31,15D,19500.0,코스닥,신한투자증권 주식회사,,38
000007,아크릴,아크릴,2025-12-16,2026-01-16,1M,19500.0,코스닥,신한투자증권 주식회사,,38
000007,아크릴,아크릴,2025-12-16,2026-03-16,3M,19500.0,코스닥,신한투자증권 주식회사,,38
000007,아크릴,아크릴,2025-12-16,2026-06-16,6M,19500.0,코스닥,신한투자증권 주식회사,,38
000007,아크릴,아크릴,2025-12-16,2026-12-16,1Y,19500.0,코스닥,신한투자증권 주식회사,,38
478340,나라스페이스테크놀로지,나라스페이스테크놀로지,2025-12-17,2026-01-01,15D,16500.0,코스닥,삼성증권(주),,38
478340,나라스페이스테크놀로지,나라스페이스테크놀로지,2025-12-17,2026-01-17,1M,16500.0,코스닥,삼성증권(주),,38
478340,나라스페이스테크놀로지,나라스페이스테크놀로지,2025-12-17,2026-03-17,3M,16500.0,코스닥,삼성증권(주),,38
478340,나라스페이스테크놀로지,나라스페이스테크놀로지,2025-12-17,2026-06-17,6M,16500.0,코스닥,삼성증권(주),,38
478340,나라스페이스테크놀로지,나라스페이스테크놀로지,2025-12-17,2026-12-17,1Y,16500.0,코스닥,삼성증권(주),,38
476830,알지노믹스,알지노믹스,2025-12-18,2026-01-02,15D,22500.0,코스닥,"엔에이치투자증권(주),삼성증권(주)",,38
476830,알지노믹스,알지노믹스,2025-12-18,2026-01-18,1M,22500.0,코스닥,"엔에이치투자증권(주),삼성증권(주)",,38
476830,알지노믹스,알지노믹스,2025-12-18,2026-03-18,3M,22500.0,코스닥,"엔에이치투자증권(주),삼성증권(주)",,38
476830,알지노믹스,알지노믹스,2025-12-18,2026-06-18,6M,22500.0,코스닥,"엔에이치투자증권(주),삼성증권(주)",,38
476830,알지노믹스,알지노믹스,2025-12-18,2026-12-18,1Y,22500.0,코스닥,"엔에이치투자증권(주),삼성증권(주)",,38
000013,삼진식품,삼진식품,2025-12-22,2026-01-06,15D,7600.0,코스닥,대신증권(주),,38
000013,삼진식품,삼진식품,2025-12-22,2026-01-22,1M,7600.0,코스닥,대신증권(주),,38
000013,삼진식품,삼진식품,2025-12-22,2026-03-22,3M,7600.0,코스닥,대신증권(주),,38
000013,삼진식품,삼진식품,2025-12-22,2026-06-22,6M,7600.0,코스닥,대신증권(주),,38
000013,삼진식품,삼진식품,2025-12-22,2026-12-22,1Y,7600.0,코스닥,대신증권(주),,38
059180,엔더블유시,엔더블유시,2025-12-22,2026-01-06,15D,,코넥스,교보증권(주),,
059180,엔더블유시,엔더블유시,2025-12-22,2026-01-22,1M,,코넥스,교보증권(주),,
059180,엔더블유시,엔더블유시,2025-12-22,2026-03-22,3M,,코넥스,교보증권(주),,
059180,엔더블유시,엔더블유시,2025-12-22,2026-06-22,6M,,코넥스,교보증권(주),,
059180,엔더블유시,엔더블유시,2025-12-22,2026-12-22,1Y,,코넥스,교보증권(주),,
491000,리브스메드,리브스메드,2025-12-24,2026-01-08,15D,55000.0,코스닥,"미래에셋증권 주식회사,삼성증권(주)",,38
491000,리브스메드,리브스메드,2025-12-24,2026-01-24,1M,55000.0,코스닥,"미래에셋증권 주식회사,삼성증권(주)",,38
491000,리브스메드,리브스메드,2025-12-24,2026-03-24,3M,55000.0,코스닥,"미래에셋증권 주식회사,삼성증권(주)",,38
491000,리브스메드,리브스메드,2025-12-24,2026-06-24,6M,55000.0,코스닥,"미래에셋증권 주식회사,삼성증권(주)",,38
491000,리브스메드,리브스메드,2025-12-24,2026-12-24,1Y,55000.0,코스닥,"미래에셋증권 주식회사,삼성증권(주)",,38
012210,삼미금속,삼미금속,2025-12-29,2026-01-13,15D,,코스닥,nan,,
012210,삼미금속,삼미금속,2025-12-29,2026-01-29,1M,,코스닥,nan,,
012210,삼미금속,삼미금속,2025-12-29,2026-03-29,3M,,코스닥,nan,,
012210,삼미금속,삼미금속,2025-12-29,2026-06-29,6M,,코스닥,nan,,
012210,삼미금속,삼미금속,2025-12-29,2026-12-29,1Y,,코스닥,nan,,
490470,세미파이브,세미파이브,2025-12-29,2026-01-13,15D,24000.0,코스닥,"삼성증권(주),유비에스증권 리미티드 서울지점",,38
490470,세미파이브,세미파이브,2025-12-29,2026-01-29,1M,24000.0,코스닥,"삼성증권(주),유비에스증권 리미티드 서울지점",,38
490470,세미파이브,세미파이브,2025-12-29,2026-03-29,3M,24000.0,코스닥,"삼성증권(주),유비에스증권 리미티드 서울지점",,38
490470,세미파이브,세미파이브,2025-12-29,2026-06-29,6M,24000.0,코스닥,"삼성증권(주),유비에스증권 리미티드 서울지점",,38
490470,세미파이브,세미파이브,2025-12-29,2026-12-29,1Y,24000.0,코스닥,"삼성증권(주),유비에스증권 리미티드 서울지점",,38
000004,엔비알모션,엔비알모션,2026-01-14,2026-01-29,15D,,코스닥,nan,,
000004,엔비알모션,엔비알모션,2026-01-14,2026-02-14,1M,,코스닥,nan,,
000004,엔비알모션,엔비알모션,2026-01-14,2026-04-14,3M,,코스닥,nan,,
000004,엔비알모션,엔비알모션,2026-01-14,2026-07-14,6M,,코스닥,nan,,
000004,엔비알모션,엔비알모션,2026-01-14,2027-01-14,1Y,,코스닥,nan,,
493330,지에프아이,지에프아이,2026-01-14,2026-01-29,15D,,코스닥,nan,,
493330,지에프아이,지에프아이,2026-01-14,2026-02-14,1M,,코스닥,nan,,
493330,지에프아이,지에프아이,2026-01-14,2026-04-14,3M,,코스닥,nan,,
493330,지에프아이,지에프아이,2026-01-14,2026-07-14,6M,,코스닥,nan,,
493330,지에프아이,지에프아이,2026-01-14,2027-01-14,1Y,,코스닥,nan,,
000001,덕양에너젠,덕양에너젠,2026-01-30,2026-02-14,15D,10000.0,코스닥,"미래에셋증권 주식회사,엔에이치투자증권(주)",,38
000001,덕양에너젠,덕양에너젠,2026-01-30,2026-02-28,1M,10000.0,코스닥,"미래에셋증권 주식회사,엔에이치투자증권(주)",,38
000001,덕양에너젠,덕양에너젠,2026-01-30,2026-04-30,3M,10000.0,코스닥,"미래에셋증권 주식회사,엔에이치투자증권(주)",,38
000001,덕양에너젠,덕양에너젠,2026-01-30,2026-07-30,6M,10000.0,코스닥,"미래에셋증권 주식회사,엔에이치투자증권(주)",,38
000001,덕양에너젠,덕양에너젠,2026-01-30,2027-01-30,1Y,10000.0,코스닥,"미래에셋증권 주식회사,엔에이치투자증권(주)",,38
279570,케이뱅크,케이뱅크,2026-03-05,2026-03-20,15D,8300.0,유가,"엔에이치투자증권(주),삼성증권(주)",,38
279570,케이뱅크,케이뱅크,2026-03-05,2026-04-05,1M,8300.0,유가,"엔에이치투자증권(주),삼성증권(주)",,38
279570,케이뱅크,케이뱅크,2026-03-05,2026-06-05,3M,8300.0,유가,"엔에이치투자증권(주),삼성증권(주)",,38
279570,케이뱅크,케이뱅크,2026-03-05,2026-09-05,6M,8300.0,유가,"엔에이치투자증권(주),삼성증권(주)",,38
279570,케이뱅크,케이뱅크,2026-03-05,2027-03-05,1Y,8300.0,유가,"엔에이치투자증권(주),삼성증권(주)",,38
458350,에스팀,에스팀,2026-03-06,2026-03-21,15D,8500.0,코스닥,한국투자증권(주),,38
458350,에스팀,에스팀,2026-03-06,2026-04-06,1M,8500.0,코스닥,한국투자증권(주),,38
458350,에스팀,에스팀,2026-03-06,2026-06-06,3M,8500.0,코스닥,한국투자증권(주),,38
458350,에스팀,에스팀,2026-03-06,2026-09-06,6M,8500.0,코스닥,한국투자증권(주),,38
458350,에스팀,에스팀,2026-03-06,2027-03-06,1Y,8500.0,코스닥,한국투자증권(주),,38
000011,액스비스,액스비스,2026-03-09,2026-03-24,15D,11500.0,코스닥,미래에셋증권 주식회사,,38
000011,액스비스,액스비스,2026-03-09,2026-04-09,1M,11500.0,코스닥,미래에셋증권 주식회사,,38
000011,액스비스,액스비스,2026-03-09,2026-06-09,3M,11500.0,코스닥,미래에셋증권 주식회사,,38
000011,액스비스,액스비스,2026-03-09,2026-09-09,6M,11500.0,코스닥,미래에셋증권 주식회사,,38
000011,액스비스,액스비스,2026-03-09,2027-03-09,1Y,11500.0,코스닥,미래에셋증권 주식회사,,38
000082,카나프테라퓨틱스,카나프테라퓨틱스,2026-03-16,2026-03-31,15D,20000.0,코스닥,한국투자증권(주),,38
000082,카나프테라퓨틱스,카나프테라퓨틱스,2026-03-16,2026-04-16,1M,20000.0,코스닥,한국투자증권(주),,38
000082,카나프테라퓨틱스,카나프테라퓨틱스,2026-03-16,2026-06-16,3M,20000.0,코스닥,한국투자증권(주),,38
000082,카나프테라퓨틱스,카나프테라퓨틱스,2026-03-16,2026-09-16,6M,20000.0,코스닥,한국투자증권(주),,38
000082,카나프테라퓨틱스,카나프테라퓨틱스,2026-03-16,2027-03-16,1Y,20000.0,코스닥,한국투자증권(주),,38
493280,아이엠바이오로직스,아이엠바이오로직스,2026-03-20,2026-04-04,15D,26000.0,코스닥,"신한투자증권 주식회사,한국투자증권(주)",,38
493280,아이엠바이오로직스,아이엠바이오로직스,2026-03-20,2026-04-20,1M,26000.0,코스닥,"신한투자증권 주식회사,한국투자증권(주)",,38
493280,아이엠바이오로직스,아이엠바이오로직스,2026-03-20,2026-06-20,3M,26000.0,코스닥,"신한투자증권 주식회사,한국투자증권(주)",,38
493280,아이엠바이오로직스,아이엠바이오로직스,2026-03-20,2026-09-20,6M,26000.0,코스닥,"신한투자증권 주식회사,한국투자증권(주)",,38
493280,아이엠바이오로직스,아이엠바이오로직스,2026-03-20,2027-03-20,1Y,26000.0,코스닥,"신한투자증권 주식회사,한국투자증권(주)",,38
408470,한패스,한패스,2026-03-25,2026-04-09,15D,19000.0,코스닥,"한국투자증권(주),대신증권(주)",,38
408470,한패스,한패스,2026-03-25,2026-04-25,1M,19000.0,코스닥,"한국투자증권(주),대신증권(주)",,38
408470,한패스,한패스,2026-03-25,2026-06-25,3M,19000.0,코스닥,"한국투자증권(주),대신증권(주)",,38
408470,한패스,한패스,2026-03-25,2026-09-25,6M,19000.0,코스닥,"한국투자증권(주),대신증권(주)",,38
408470,한패스,한패스,2026-03-25,2027-03-25,1Y,19000.0,코스닥,"한국투자증권(주),대신증권(주)",,38
000088,메쥬,메쥬,2026-03-26,2026-04-10,15D,21600.0,코스닥,신한투자증권 주식회사,,38
000088,메쥬,메쥬,2026-03-26,2026-04-26,1M,21600.0,코스닥,신한투자증권 주식회사,,38
000088,메쥬,메쥬,2026-03-26,2026-06-26,3M,21600.0,코스닥,신한투자증권 주식회사,,38
000088,메쥬,메쥬,2026-03-26,2026-09-26,6M,21600.0,코스닥,신한투자증권 주식회사,,38
000088,메쥬,메쥬,2026-03-26,2027-03-26,1Y,21600.0,코스닥,신한투자증권 주식회사,,38
